"originalName","newName","logicalPath","contentType","bytes","sha256","sourceUrl","sourceGroup","classification"
"b83a99d7-a5a6-4774-8747-9679a8750e7a.55d20.mp3","audio/audio/mp3/bgm_bonus_loop.mp3","audio/mp3/bgm_bonus_loop","audio/mpeg","318572","c3e95e853fc4265f9095e434b10a4f68c741b9ca07e34c404ad4453329dd20a1","https://static11130rc3.pgf-asu2nd.com/65/assets/resources/native/b8/b83a99d7-a5a6-4774-8747-9679a8750e7a.55d20.mp3","manifest-native","manifest-confirmed"
"707e06bc-e0fd-413c-8403-7ea54c9d9252.930a4.mp3","audio/audio/mp3/bgm_mg.mp3","audio/mp3/bgm_mg","audio/mpeg","378770","5cfdc363555085910ef592afc2de12888f4425f36aea49b7e15fc7fe3eb5f5bc","https://static11130rc3.pgf-asu2nd.com/65/assets/resources/native/70/707e06bc-e0fd-413c-8403-7ea54c9d9252.930a4.mp3","manifest-native","manifest-confirmed"
"671c5bc3-bbee-4aa1-b8dc-d32047af93f1.6dc1c.mp3","audio/audio/mp3/general_audio.mp3","audio/mp3/general_audio","audio/mpeg","1152621","edef35246e676a0d1f36646548578dcf7e17e832a210c02e46aa68ca4470cfaf","https://static11130rc3.pgf-asu2nd.com/65/assets/resources/native/67/671c5bc3-bbee-4aa1-b8dc-d32047af93f1.6dc1c.mp3","manifest-native","manifest-confirmed"
"35f37ba4-b805-4315-b9cd-37491e61ee25.54563.mp3","audio/audio/mp3/vox.mp3","audio/mp3/vox","audio/mpeg","636813","ba85e7d7b53b3859eedd3da93a16775e8943cb32db1c0c9dade4dea003bf9d9c","https://static11130rc3.pgf-asu2nd.com/65/assets/resources/native/35/35f37ba4-b805-4315-b9cd-37491e61ee25.54563.mp3","manifest-native","manifest-confirmed"
"35f37ba4-b805-4315-b9cd-37491e61ee25.54563.mp3","audio/browser-observed-duplicate/35f37ba4-b805-4315-b9cd-37491e61ee25-54563.mp3","browser-observed-duplicate/35f37ba4-b805-4315-b9cd-37491e61ee25.54563","audio/mpeg","636813","ba85e7d7b53b3859eedd3da93a16775e8943cb32db1c0c9dade4dea003bf9d9c","","browser-observed-audio","duplicate-browser-observation"
"671c5bc3-bbee-4aa1-b8dc-d32047af93f1.6dc1c.mp3","audio/browser-observed-duplicate/671c5bc3-bbee-4aa1-b8dc-d32047af93f1-6dc1c.mp3","browser-observed-duplicate/671c5bc3-bbee-4aa1-b8dc-d32047af93f1.6dc1c","audio/mpeg","1152621","edef35246e676a0d1f36646548578dcf7e17e832a210c02e46aa68ca4470cfaf","","browser-observed-audio","duplicate-browser-observation"
"707e06bc-e0fd-413c-8403-7ea54c9d9252.930a4.mp3","audio/browser-observed-duplicate/707e06bc-e0fd-413c-8403-7ea54c9d9252-930a4.mp3","browser-observed-duplicate/707e06bc-e0fd-413c-8403-7ea54c9d9252.930a4","audio/mpeg","378770","5cfdc363555085910ef592afc2de12888f4425f36aea49b7e15fc7fe3eb5f5bc","","browser-observed-audio","duplicate-browser-observation"
"aef67769-4c48-42ea-b7cc-df63b14b6d8f.7dba1.mp3","audio/browser-observed-duplicate/aef67769-4c48-42ea-b7cc-df63b14b6d8f-7dba1.mp3","browser-observed-duplicate/aef67769-4c48-42ea-b7cc-df63b14b6d8f.7dba1","audio/mpeg","60812","beb5f324956223cff55841985cfbd4d22f7ddcac90b8ef467811f9332275e37d","","browser-observed-audio","duplicate-browser-observation"
"b83a99d7-a5a6-4774-8747-9679a8750e7a.55d20.mp3","audio/browser-observed-duplicate/b83a99d7-a5a6-4774-8747-9679a8750e7a-55d20.mp3","browser-observed-duplicate/b83a99d7-a5a6-4774-8747-9679a8750e7a.55d20","audio/mpeg","318572","c3e95e853fc4265f9095e434b10a4f68c741b9ca07e34c404ad4453329dd20a1","","browser-observed-audio","duplicate-browser-observation"
"aa3271fac5.6b345.ogg","audio/browser-observed/aa3271fac5-6b345.ogg","browser-observed/aa3271fac5.6b345","audio/ogg","5371","780498f7399d7c1affe4700bd4b208df26f80471721bb68d30a92511e9522ea6","","browser-observed-audio","browser-observed"
"aef67769-4c48-42ea-b7cc-df63b14b6d8f.7dba1.mp3","audio/lib/ui_audio_helper/res/ui_audio.mp3","lib/ui_audio_helper/res/ui_audio","audio/mpeg","60812","beb5f324956223cff55841985cfbd4d22f7ddcac90b8ef467811f9332275e37d","https://static11130rc3.pgf-asu2nd.com/65/assets/resources/native/ae/aef67769-4c48-42ea-b7cc-df63b14b6d8f.7dba1.mp3","manifest-native","manifest-confirmed"
"02186b2c-cd37-4300-9a31-0688800f79dc.8ee8b.jpg","images/atlas-subresources/sprite-02186b2c-cd37-4300-9a31-0688800f79dc.8ee8b.jpg","","image/jpeg","152177","e73ec1ecb0e01c804c863f63c416c5d3d93ffa32d8ee94e9c5665e58a3a6259e","https://static11130rc3.pgf-asu2nd.com/65/assets/resources/native/02/02186b2c-cd37-4300-9a31-0688800f79dc.8ee8b.jpg","manifest-native","unclassified-subresource"
"03ad56a3-4bda-4204-9d2c-37ed4d38e249.ffa25.png","images/atlas-subresources/sprite-03ad56a3-4bda-4204-9d2c-37ed4d38e249.ffa25.png","","image/png","86166","edfc87a334de91b32deab5bc5c7498696fda35256b35b23273c84d102c25a11c","https://static11130rc3.pgf-asu2nd.com/65/assets/resources/native/03/03ad56a3-4bda-4204-9d2c-37ed4d38e249.ffa25.png","manifest-native","unclassified-subresource"
"04e186f4-8361-4a68-87d3-e9ede41c67fe.e3bba.png","images/atlas-subresources/sprite-04e186f4-8361-4a68-87d3-e9ede41c67fe.e3bba.png","","image/png","36185","c9536cf29d7edc4f20c614631d0396ed28b31d8bf23337b7b9c84dae2aa4c943","https://static11130rc3.pgf-asu2nd.com/65/assets/resources/native/04/04e186f4-8361-4a68-87d3-e9ede41c67fe.e3bba.png","manifest-native","unclassified-subresource"
"08f7516f-ea63-47fa-a78b-6008c7cbc2ab.6286f.jpg","images/atlas-subresources/sprite-08f7516f-ea63-47fa-a78b-6008c7cbc2ab.6286f.jpg","","image/jpeg","71660","d3a17ffbfaf93186c7f95bdf4319f570ad9763bcf9606e90da492e58bf0b3e90","https://static11130rc3.pgf-asu2nd.com/65/assets/resources/native/08/08f7516f-ea63-47fa-a78b-6008c7cbc2ab.6286f.jpg","manifest-native","unclassified-subresource"
"0b4ae3cc-5d5a-4da1-92d8-8203ee193674.dc619.png","images/atlas-subresources/sprite-0b4ae3cc-5d5a-4da1-92d8-8203ee193674.dc619.png","","image/png","38713","65134f2dcd6a33774c92e03a5bb50921cdeeb52c2c47dae1adc6d2da4252e013","https://static11130rc3.pgf-asu2nd.com/65/assets/resources/native/0b/0b4ae3cc-5d5a-4da1-92d8-8203ee193674.dc619.png","manifest-native","unclassified-subresource"
"1319d70e-fd0c-4710-a6b9-5a836a517828.d29f9.png","images/atlas-subresources/sprite-1319d70e-fd0c-4710-a6b9-5a836a517828.d29f9.png","","image/png","21652","52f2645675ac9925aeeb2975b7c7cd8f4bb6c629639fa3b15d8adabafe191c8f","https://static11130rc3.pgf-asu2nd.com/65/assets/resources/native/13/1319d70e-fd0c-4710-a6b9-5a836a517828.d29f9.png","manifest-native","unclassified-subresource"
"1443b6ee-2f82-483d-a8ee-1afcfc691310.91b1d.png","images/atlas-subresources/sprite-1443b6ee-2f82-483d-a8ee-1afcfc691310.91b1d.png","","image/png","71326","3832bc0fd9654fc4415b454523ab718be2226e4044c550f52f7b03d8092fe70f","https://static11130rc3.pgf-asu2nd.com/65/assets/resources/native/14/1443b6ee-2f82-483d-a8ee-1afcfc691310.91b1d.png","manifest-native","unclassified-subresource"
"159d10fc-a96f-423b-af92-0c11bdfcbad5.6dbd6.jpg","images/atlas-subresources/sprite-159d10fc-a96f-423b-af92-0c11bdfcbad5.6dbd6.jpg","","image/jpeg","115255","079e7eff8e49000c93a5a2fb509c42153952682354d369c56834ac511cb2a81e","https://static11130rc3.pgf-asu2nd.com/65/assets/resources/native/15/159d10fc-a96f-423b-af92-0c11bdfcbad5.6dbd6.jpg","manifest-native","unclassified-subresource"
"1acee2fb-3272-4a2f-8f8d-7b9246e29c1c.cab5e.jpg","images/atlas-subresources/sprite-1acee2fb-3272-4a2f-8f8d-7b9246e29c1c.cab5e.jpg","","image/jpeg","29949","87f0a417f80d7260b77cbbb2e1ecc0b263fff113d2e7a5669b09fb77a750d4db","https://static11130rc3.pgf-asu2nd.com/65/assets/resources/native/1a/1acee2fb-3272-4a2f-8f8d-7b9246e29c1c.cab5e.jpg","manifest-native","unclassified-subresource"
"22480547-c484-4511-a172-585e6db7c80a.bf7c4.jpg","images/atlas-subresources/sprite-22480547-c484-4511-a172-585e6db7c80a.bf7c4.jpg","","image/jpeg","17021","d804af76ac40f0cedb020c7d6847d600cc33b1ffd1e9e3e6e8a352f94e5c3e7d","https://static11130rc3.pgf-asu2nd.com/65/assets/resources/native/22/22480547-c484-4511-a172-585e6db7c80a.bf7c4.jpg","manifest-native","unclassified-subresource"
"272ff00e-7246-4635-8fc5-db5c24846128.7a606.jpg","images/atlas-subresources/sprite-272ff00e-7246-4635-8fc5-db5c24846128.7a606.jpg","","image/jpeg","1391","0d89fbc70aef88b90df379546ec5f6c565e2cb455dc8e00068c7bfcbe2a92346","https://static11130rc3.pgf-asu2nd.com/65/assets/resources/native/27/272ff00e-7246-4635-8fc5-db5c24846128.7a606.jpg","manifest-native","unclassified-subresource"
"28cb599e-6289-4433-a4ee-fc393dad8356.26ff7.png","images/atlas-subresources/sprite-28cb599e-6289-4433-a4ee-fc393dad8356.26ff7.png","","image/png","104061","bde7c214f871269c20cfcaa58efecb584d7db24858dd59e0578d4e35f3aa059a","https://static11130rc3.pgf-asu2nd.com/65/assets/resources/native/28/28cb599e-6289-4433-a4ee-fc393dad8356.26ff7.png","manifest-native","unclassified-subresource"
"2ada7886-83e0-4d3c-b651-eae6ad6b5c7a.22e5d.jpg","images/atlas-subresources/sprite-2ada7886-83e0-4d3c-b651-eae6ad6b5c7a.22e5d.jpg","","image/jpeg","5590","9d631f719a22d4c0f82ec735b2c3ac6dd9eb707154a09cb6f156b162fc687229","https://static11130rc3.pgf-asu2nd.com/65/assets/resources/native/2a/2ada7886-83e0-4d3c-b651-eae6ad6b5c7a.22e5d.jpg","manifest-native","unclassified-subresource"
"2f32ef15-62a7-48a1-a1c6-3f1c2c0ad4f8.d10ff.png","images/atlas-subresources/sprite-2f32ef15-62a7-48a1-a1c6-3f1c2c0ad4f8.d10ff.png","","image/png","34902","59957cffd535b3bd4e6908b6eb75d9ec3dba9c3a5c89e601ff15e8319d75ce0b","https://static11130rc3.pgf-asu2nd.com/65/assets/resources/native/2f/2f32ef15-62a7-48a1-a1c6-3f1c2c0ad4f8.d10ff.png","manifest-native","unclassified-subresource"
"3870b6f3-b1d3-4e64-9465-899f689e673e.b7aec.jpg","images/atlas-subresources/sprite-3870b6f3-b1d3-4e64-9465-899f689e673e.b7aec.jpg","","image/jpeg","6237","09f1f38c75e9bcd14d996bc5096268a4f63b7e9f99ebe2f66fffbacba225bfeb","https://static11130rc3.pgf-asu2nd.com/65/assets/resources/native/38/3870b6f3-b1d3-4e64-9465-899f689e673e.b7aec.jpg","manifest-native","unclassified-subresource"
"387b621f-bfb2-4c4d-9633-067948133fc8.00937.jpg","images/atlas-subresources/sprite-387b621f-bfb2-4c4d-9633-067948133fc8.00937.jpg","","image/jpeg","22868","bfce2f88fe9463d4d149c772bb8a73d0def76f6f1f0169073c72aad31e3fa8a5","https://static11130rc3.pgf-asu2nd.com/65/assets/resources/native/38/387b621f-bfb2-4c4d-9633-067948133fc8.00937.jpg","manifest-native","unclassified-subresource"
"3a86452c-ea91-482c-9947-9be84128f230.76e69.png","images/atlas-subresources/sprite-3a86452c-ea91-482c-9947-9be84128f230.76e69.png","","image/png","283868","998547c33750d1d0c5d2f166a6278522821856607d5b332f4f3c9df73f47c9ed","https://static11130rc3.pgf-asu2nd.com/65/assets/resources/native/3a/3a86452c-ea91-482c-9947-9be84128f230.76e69.png","manifest-native","unclassified-subresource"
"3c02cdc3-0697-43d9-ad79-2cce25e0efeb.44816.png","images/atlas-subresources/sprite-3c02cdc3-0697-43d9-ad79-2cce25e0efeb.44816.png","","image/png","154889","12c3dcccab3b12dd21086bf27cd88e9cd7be62c27e1ed13fea98e2abccf58b57","https://static11130rc3.pgf-asu2nd.com/65/assets/resources/native/3c/3c02cdc3-0697-43d9-ad79-2cce25e0efeb.44816.png","manifest-native","unclassified-subresource"
"3d039d70-4483-4e81-8c2a-723f3e86a819.36c36.png","images/atlas-subresources/sprite-3d039d70-4483-4e81-8c2a-723f3e86a819.36c36.png","","image/png","37241","3e9ebefd132a80b53b8bfacf0022888740ef3e8e03b1b34751d3a8ed2581a622","https://static11130rc3.pgf-asu2nd.com/65/assets/resources/native/3d/3d039d70-4483-4e81-8c2a-723f3e86a819.36c36.png","manifest-native","unclassified-subresource"
"40dc7631-2b03-44a0-82a6-d9b0bdcf5b9c.22a99.jpg","images/atlas-subresources/sprite-40dc7631-2b03-44a0-82a6-d9b0bdcf5b9c.22a99.jpg","","image/jpeg","55103","55c80baabbd1905e21bb7f75d3ce4d714cafe511b98a333eaac4dac4e1fdb1d9","https://static11130rc3.pgf-asu2nd.com/65/assets/resources/native/40/40dc7631-2b03-44a0-82a6-d9b0bdcf5b9c.22a99.jpg","manifest-native","unclassified-subresource"
"45979e75-3d36-417c-900f-a148b6a0bb92.7f863.png","images/atlas-subresources/sprite-45979e75-3d36-417c-900f-a148b6a0bb92.7f863.png","","image/png","16786","7be74c17c862e64f8dc32019c1c97cd3beb768bd6a1e76d86225994d4b477f02","https://static11130rc3.pgf-asu2nd.com/65/assets/resources/native/45/45979e75-3d36-417c-900f-a148b6a0bb92.7f863.png","manifest-native","unclassified-subresource"
"46443487-ffde-4bcb-a5f6-578350e5082d.5f193.png","images/atlas-subresources/sprite-46443487-ffde-4bcb-a5f6-578350e5082d.5f193.png","","image/png","26591","caf013be9f78b6cdd15b84263c4a5478b238d22c770abd5d0658264b4abd47ea","https://static11130rc3.pgf-asu2nd.com/65/assets/resources/native/46/46443487-ffde-4bcb-a5f6-578350e5082d.5f193.png","manifest-native","unclassified-subresource"
"46a7d910-12f7-4498-99d4-17cd107840ac.4e851.jpg","images/atlas-subresources/sprite-46a7d910-12f7-4498-99d4-17cd107840ac.4e851.jpg","","image/jpeg","12370","8276a33c2d1d4ff0b5053303afce0871c362550251825259d2ebfd7464829c52","https://static11130rc3.pgf-asu2nd.com/65/assets/resources/native/46/46a7d910-12f7-4498-99d4-17cd107840ac.4e851.jpg","manifest-native","unclassified-subresource"
"4770386b-217b-4222-b316-7e95c3fb8493.c4e33.jpg","images/atlas-subresources/sprite-4770386b-217b-4222-b316-7e95c3fb8493.c4e33.jpg","","image/jpeg","114106","d9b755132d7f6407366b1e91ef387fb68144657da34b65357753941ab605a0fe","https://static11130rc3.pgf-asu2nd.com/65/assets/resources/native/47/4770386b-217b-4222-b316-7e95c3fb8493.c4e33.jpg","manifest-native","unclassified-subresource"
"503f7462-bb14-4e80-9d50-57622be05c21.19bc2.png","images/atlas-subresources/sprite-503f7462-bb14-4e80-9d50-57622be05c21.19bc2.png","","image/png","135690","c07de5455d80d3496f3698894699a58f1045fdf891c4cd5b34d707d1f4d4ee0a","https://static11130rc3.pgf-asu2nd.com/65/assets/resources/native/50/503f7462-bb14-4e80-9d50-57622be05c21.19bc2.png","manifest-native","unclassified-subresource"
"57409fee-3121-411a-985f-5885e76acad5.c825c.jpg","images/atlas-subresources/sprite-57409fee-3121-411a-985f-5885e76acad5.c825c.jpg","","image/jpeg","22286","243f4de37afdf44b034508e9b19dfc5228a4d7f4a4386ef394bdaea0cf1ba3ef","https://static11130rc3.pgf-asu2nd.com/65/assets/resources/native/57/57409fee-3121-411a-985f-5885e76acad5.c825c.jpg","manifest-native","unclassified-subresource"
"57643a29-57f0-40e9-bbce-a249ce661598.d5a01.jpg","images/atlas-subresources/sprite-57643a29-57f0-40e9-bbce-a249ce661598.d5a01.jpg","","image/jpeg","132936","b6bb1c276a6ed153b4d1ebc7a7070e1083c4572f3e1442a273bdad28898c15d1","https://static11130rc3.pgf-asu2nd.com/65/assets/resources/native/57/57643a29-57f0-40e9-bbce-a249ce661598.d5a01.jpg","manifest-native","unclassified-subresource"
"5fd32d05-04eb-4bfc-8c69-b5a44d782a47.066b7.jpg","images/atlas-subresources/sprite-5fd32d05-04eb-4bfc-8c69-b5a44d782a47.066b7.jpg","","image/jpeg","161516","8345f02b7aa13a15c5600b692b65bbb7be59aa49c4f5474f59d72b427ef7d29f","https://static11130rc3.pgf-asu2nd.com/65/assets/resources/native/5f/5fd32d05-04eb-4bfc-8c69-b5a44d782a47.066b7.jpg","manifest-native","unclassified-subresource"
"606fb525-cdd0-4d4d-a030-76c97d12d3d3.3c2c6.jpg","images/atlas-subresources/sprite-606fb525-cdd0-4d4d-a030-76c97d12d3d3.3c2c6.jpg","","image/jpeg","90142","a065b3dd3f6badb3ef8193acedc8d6bc9f2df6045028a22c4cc71ed27165b3de","https://static11130rc3.pgf-asu2nd.com/65/assets/resources/native/60/606fb525-cdd0-4d4d-a030-76c97d12d3d3.3c2c6.jpg","manifest-native","unclassified-subresource"
"6144b73b-3eaf-49d1-abd9-61314f9b422a.ea8fc.jpg","images/atlas-subresources/sprite-6144b73b-3eaf-49d1-abd9-61314f9b422a.ea8fc.jpg","","image/jpeg","14197","9a495fb737376b8b0fe5eba7dfcf7bdeabd766464026ffbefae301d82b17b2af","https://static11130rc3.pgf-asu2nd.com/65/assets/resources/native/61/6144b73b-3eaf-49d1-abd9-61314f9b422a.ea8fc.jpg","manifest-native","unclassified-subresource"
"6737e5a0-4b0b-4887-8c8b-de2915097fa8.f1b49.png","images/atlas-subresources/sprite-6737e5a0-4b0b-4887-8c8b-de2915097fa8.f1b49.png","","image/png","473141","c342646016c6992d5ab1af83c4692a94665d2bbc16e6c85c792efe39b56aef74","https://static11130rc3.pgf-asu2nd.com/65/assets/resources/native/67/6737e5a0-4b0b-4887-8c8b-de2915097fa8.f1b49.png","manifest-native","unclassified-subresource"
"6a4e363b-db7d-4d6f-b08e-70a0241e6751.0953b.jpg","images/atlas-subresources/sprite-6a4e363b-db7d-4d6f-b08e-70a0241e6751.0953b.jpg","","image/jpeg","3485","8393f8af8e6eb5e777d5fb2991230481fa9447bb317f4bd5e66ab1e6e24726bc","https://static11130rc3.pgf-asu2nd.com/65/assets/resources/native/6a/6a4e363b-db7d-4d6f-b08e-70a0241e6751.0953b.jpg","manifest-native","unclassified-subresource"
"71561142-4c83-4933-afca-cb7a17f67053.157b5.png","images/atlas-subresources/sprite-71561142-4c83-4933-afca-cb7a17f67053.157b5.png","","image/png","1050","44b670047e5d34fc09f3e8538e8945445bc1bb913d6f21d7ac4e06b18c2e172b","https://static11130rc3.pgf-asu2nd.com/65/assets/resources/native/71/71561142-4c83-4933-afca-cb7a17f67053.157b5.png","manifest-native","unclassified-subresource"
"787f8e24-049a-47eb-8b06-6c30aaaf4c8e.0baf3.png","images/atlas-subresources/sprite-787f8e24-049a-47eb-8b06-6c30aaaf4c8e.0baf3.png","","image/png","36373","6b49adeb3c3a349a085c27169e31fb947e09c13523ca824c1bd150244fffc2ce","https://static11130rc3.pgf-asu2nd.com/65/assets/resources/native/78/787f8e24-049a-47eb-8b06-6c30aaaf4c8e.0baf3.png","manifest-native","unclassified-subresource"
"8587692a-857e-4c8b-8a13-2bcd32268fda.4928a.png","images/atlas-subresources/sprite-8587692a-857e-4c8b-8a13-2bcd32268fda.4928a.png","","image/png","42600","244b3f9838364eb4a0061fee37d630a49bd96c2b1c1a1d786f2d6fdc1423ae9a","https://static11130rc3.pgf-asu2nd.com/65/assets/resources/native/85/8587692a-857e-4c8b-8a13-2bcd32268fda.4928a.png","manifest-native","unclassified-subresource"
"919329ec-d941-4cb0-a29e-b057e7622ce6.e5924.png","images/atlas-subresources/sprite-919329ec-d941-4cb0-a29e-b057e7622ce6.e5924.png","","image/png","54667","30eb388a2409a306ff3466213d03bdb94951235feb7844d475c7282caee0ed39","https://static11130rc3.pgf-asu2nd.com/65/assets/resources/native/91/919329ec-d941-4cb0-a29e-b057e7622ce6.e5924.png","manifest-native","unclassified-subresource"
"92811603-41b8-499f-aead-ab42e92d4eda.fe93e.png","images/atlas-subresources/sprite-92811603-41b8-499f-aead-ab42e92d4eda.fe93e.png","","image/png","45362","c220d4b4370d85826bd9bde1c999a2dc9af2f3cc6c59abb9e1c3d1196fe051a9","https://static11130rc3.pgf-asu2nd.com/65/assets/resources/native/92/92811603-41b8-499f-aead-ab42e92d4eda.fe93e.png","manifest-native","unclassified-subresource"
"97a9d9b6-3196-4b0d-9bee-c4b27369f58d.d34ce.jpg","images/atlas-subresources/sprite-97a9d9b6-3196-4b0d-9bee-c4b27369f58d.d34ce.jpg","","image/jpeg","180370","1ca68fe44b47e1186032d19c1033f287d40ab8596caad61e6e4213b953070b33","https://static11130rc3.pgf-asu2nd.com/65/assets/resources/native/97/97a9d9b6-3196-4b0d-9bee-c4b27369f58d.d34ce.jpg","manifest-native","unclassified-subresource"
"9f80eb4c-dece-401f-944a-1622deedf6ab.40012.jpg","images/atlas-subresources/sprite-9f80eb4c-dece-401f-944a-1622deedf6ab.40012.jpg","","image/jpeg","35175","217b2470d689431f17897cc8711a8494d0dd1e558f1ad7c07dc08c3606950564","https://static11130rc3.pgf-asu2nd.com/65/assets/resources/native/9f/9f80eb4c-dece-401f-944a-1622deedf6ab.40012.jpg","manifest-native","unclassified-subresource"
"ab27c5db-5c23-4f40-b333-421b9fe6e3f8.7d7fc.png","images/atlas-subresources/sprite-ab27c5db-5c23-4f40-b333-421b9fe6e3f8.7d7fc.png","","image/png","107735","b5a2b1109adde4d0215027bda69811a8b120a8021a2068367f616f25bb0aa16f","https://static11130rc3.pgf-asu2nd.com/65/assets/resources/native/ab/ab27c5db-5c23-4f40-b333-421b9fe6e3f8.7d7fc.png","manifest-native","unclassified-subresource"
"ac726853-c4e5-49f5-87ac-b83b41c26b06.1a62f.jpg","images/atlas-subresources/sprite-ac726853-c4e5-49f5-87ac-b83b41c26b06.1a62f.jpg","","image/jpeg","113884","c5d088af4ec1ce984ceedbbc3da8c822d7dc0255c0448daf1233e56564209fa1","https://static11130rc3.pgf-asu2nd.com/65/assets/resources/native/ac/ac726853-c4e5-49f5-87ac-b83b41c26b06.1a62f.jpg","manifest-native","unclassified-subresource"
"b0c8986a-cf13-49f0-9be8-0cc93f03adb2.19b16.jpg","images/atlas-subresources/sprite-b0c8986a-cf13-49f0-9be8-0cc93f03adb2.19b16.jpg","","image/jpeg","80313","56d0fb3991a50875e2b32d1cefb1b04cb55686414830c502b45ca44a5acddf7c","https://static11130rc3.pgf-asu2nd.com/65/assets/resources/native/b0/b0c8986a-cf13-49f0-9be8-0cc93f03adb2.19b16.jpg","manifest-native","unclassified-subresource"
"b3d2d99f-2401-4463-bc7d-d0d3b140e63a.d6feb.png","images/atlas-subresources/sprite-b3d2d99f-2401-4463-bc7d-d0d3b140e63a.d6feb.png","","image/png","77657","dc07e65cb5e3153316d695f0f35feae86de28050822b767d92c53ab90a1a5514","https://static11130rc3.pgf-asu2nd.com/65/assets/resources/native/b3/b3d2d99f-2401-4463-bc7d-d0d3b140e63a.d6feb.png","manifest-native","unclassified-subresource"
"b43ff3c2-02bb-4874-81f7-f2dea6970f18.927ae.png","images/atlas-subresources/sprite-b43ff3c2-02bb-4874-81f7-f2dea6970f18.927ae.png","","image/png","1114","132fda6a4b38333dcb471f09be05aed43d01b83dcc7a09c168b5629cdee31865","https://static11130rc3.pgf-asu2nd.com/65/assets/resources/native/b4/b43ff3c2-02bb-4874-81f7-f2dea6970f18.927ae.png","manifest-native","unclassified-subresource"
"bd97efb1-a3e8-41a1-8780-b2b77effb881.4e719.jpg","images/atlas-subresources/sprite-bd97efb1-a3e8-41a1-8780-b2b77effb881.4e719.jpg","","image/jpeg","3109","ddfa3842638e2e912936d8ab740fad2c980c68114a5423793e7a666d66fc6faa","https://static11130rc3.pgf-asu2nd.com/65/assets/resources/native/bd/bd97efb1-a3e8-41a1-8780-b2b77effb881.4e719.jpg","manifest-native","unclassified-subresource"
"cb72e539-e2b7-41ce-9cac-e8e7c5e041e9.6bbc2.jpg","images/atlas-subresources/sprite-cb72e539-e2b7-41ce-9cac-e8e7c5e041e9.6bbc2.jpg","","image/jpeg","22373","9df936dd945f5f14bb5278f21a58a6b06c4e5835e9e87348f06686240fa34ccf","https://static11130rc3.pgf-asu2nd.com/65/assets/resources/native/cb/cb72e539-e2b7-41ce-9cac-e8e7c5e041e9.6bbc2.jpg","manifest-native","unclassified-subresource"
"d4bc56c6-3738-45a3-b956-7ffda590e2e6.c08df.jpg","images/atlas-subresources/sprite-d4bc56c6-3738-45a3-b956-7ffda590e2e6.c08df.jpg","","image/jpeg","176794","aa034aa00ca8c0c02e9e3f1bed25819aed7f35747e2079d3e38c6d0fdba09980","https://static11130rc3.pgf-asu2nd.com/65/assets/resources/native/d4/d4bc56c6-3738-45a3-b956-7ffda590e2e6.c08df.jpg","manifest-native","unclassified-subresource"
"d93409b8-c5a8-48fa-996f-fe3c9c2c4bd0.1c5e7.jpg","images/atlas-subresources/sprite-d93409b8-c5a8-48fa-996f-fe3c9c2c4bd0.1c5e7.jpg","","image/jpeg","71099","51125dab38cf87109b48932198278cc57f18cd1b94e212e26cefd9c059f11776","https://static11130rc3.pgf-asu2nd.com/65/assets/resources/native/d9/d93409b8-c5a8-48fa-996f-fe3c9c2c4bd0.1c5e7.jpg","manifest-native","unclassified-subresource"
"e1e113aa-1b12-4080-ab95-7b1d116163c9.7cd9a.jpg","images/atlas-subresources/sprite-e1e113aa-1b12-4080-ab95-7b1d116163c9.7cd9a.jpg","","image/jpeg","115733","74da6625a01ba3254b3df8e1670d2ecba82b190bd5ad2727cb4f77ab0c1d5acb","https://static11130rc3.pgf-asu2nd.com/65/assets/resources/native/e1/e1e113aa-1b12-4080-ab95-7b1d116163c9.7cd9a.jpg","manifest-native","unclassified-subresource"
"e3b87b24-a5b2-4b24-bb54-ec4684374f6e.a429d.jpg","images/atlas-subresources/sprite-e3b87b24-a5b2-4b24-bb54-ec4684374f6e.a429d.jpg","","image/jpeg","17870","3b94756860bbe1cf5f382ee335c8f7c543e1fa586bb40d6b4fe0f7d6ecf4e3df","https://static11130rc3.pgf-asu2nd.com/65/assets/resources/native/e3/e3b87b24-a5b2-4b24-bb54-ec4684374f6e.a429d.jpg","manifest-native","unclassified-subresource"
"e4df9c4e-4e1c-475b-9c29-d36258ddced0.a12db.jpg","images/atlas-subresources/sprite-e4df9c4e-4e1c-475b-9c29-d36258ddced0.a12db.jpg","","image/jpeg","6065","bd272f7ddf7f8560769ae190f76a8fee47ab3f03b66b6c9abe95fab7f2be46d0","https://static11130rc3.pgf-asu2nd.com/65/assets/resources/native/e4/e4df9c4e-4e1c-475b-9c29-d36258ddced0.a12db.jpg","manifest-native","unclassified-subresource"
"e851e89b-faa2-4484-bea6-5c01dd9f06e2.b617d.png","images/atlas-subresources/sprite-e851e89b-faa2-4484-bea6-5c01dd9f06e2.b617d.png","","image/png","1082","5e3e931db260d0f43c2f5fd0ea791fbdc25923a8c14fcd6b0912581cd893f96d","https://static11130rc3.pgf-asu2nd.com/65/assets/resources/native/e8/e851e89b-faa2-4484-bea6-5c01dd9f06e2.b617d.png","manifest-native","unclassified-subresource"
"f10eedf3-7f58-47e0-af98-22f6f288dab8.69a98.png","images/atlas-subresources/sprite-f10eedf3-7f58-47e0-af98-22f6f288dab8.69a98.png","","image/png","35657","d7aaaa93ab601e7c96a442b6476dac87bc2936a99fd6e51cd12b2bd5a2f70688","https://static11130rc3.pgf-asu2nd.com/65/assets/resources/native/f1/f10eedf3-7f58-47e0-af98-22f6f288dab8.69a98.png","manifest-native","unclassified-subresource"
"f3db3462-ca16-4892-872b-09b04c92467f.2f73f.jpg","images/atlas-subresources/sprite-f3db3462-ca16-4892-872b-09b04c92467f.2f73f.jpg","","image/jpeg","15960","ae9316dcd63f3d95fc4b03b491ca802230ba2d21d2f90fae5977c701edf6d900","https://static11130rc3.pgf-asu2nd.com/65/assets/resources/native/f3/f3db3462-ca16-4892-872b-09b04c92467f.2f73f.jpg","manifest-native","unclassified-subresource"
"f7e7cd80-4edd-4c51-8dbd-3c514425f64b.2c43c.png","images/atlas-subresources/sprite-f7e7cd80-4edd-4c51-8dbd-3c514425f64b.2c43c.png","","image/png","16871","70be05658a38ca8c2776c61d0a88f9bd042fa8567604dbb94ddf58b008c79ab7","https://static11130rc3.pgf-asu2nd.com/65/assets/resources/native/f7/f7e7cd80-4edd-4c51-8dbd-3c514425f64b.2c43c.png","manifest-native","unclassified-subresource"
"f9f91a4f-443a-403e-904f-e6e77ae5f96a.041b0.png","images/atlas-subresources/sprite-f9f91a4f-443a-403e-904f-e6e77ae5f96a.041b0.png","","image/png","4269","e36f5f90ecb3d964eba6001ccf1bf673a071de6cf3e884079bc38dfe4e726ff1","https://static11130rc3.pgf-asu2nd.com/65/assets/resources/native/f9/f9f91a4f-443a-403e-904f-e6e77ae5f96a.041b0.png","manifest-native","unclassified-subresource"
"fae6ed51-e91b-458a-9cda-6a862c081d24.8cb52.jpg","images/atlas-subresources/sprite-fae6ed51-e91b-458a-9cda-6a862c081d24.8cb52.jpg","","image/jpeg","61880","7303045c8ed70b2d8c2c51502af0978444685c7613724cbc22313f44f5d3c892","https://static11130rc3.pgf-asu2nd.com/65/assets/resources/native/fa/fae6ed51-e91b-458a-9cda-6a862c081d24.8cb52.jpg","manifest-native","unclassified-subresource"
"a07a61f2-3da5-40eb-bb33-a484c712c63b.987d7.png","images/lib/click_effect/texture/click_atlas.png","lib/click_effect/texture/click_atlas","image/png","25372","ae6aa3f13ff09953292ba1fb8746ee7d68026cd7696165404616dc94c42312d3","https://static11130rc3.pgf-asu2nd.com/65/assets/resources/native/a0/a07a61f2-3da5-40eb-bb33-a484c712c63b.987d7.png","manifest-native","manifest-confirmed"
"7d383d05-8a22-4e2e-b45a-581db4aab033.0cf71.png","images/lib/setting_menu/texture/anim/shield_pg_white.png","lib/setting_menu/texture/anim/shield_pg_white","image/png","14886","a46ebff2bf890df16bd41f098ee8ddcef14b171d01bbbc112eac7f0886bc11f6","https://static11130rc3.pgf-asu2nd.com/65/assets/resources/native/7d/7d383d05-8a22-4e2e-b45a-581db4aab033.0cf71.png","manifest-native","manifest-confirmed"
"31b43671-96b0-4032-926f-482e51999927.1129a.png","images/lib/setting_menu/texture/anim/turbo_vfx.png","lib/setting_menu/texture/anim/turbo_vfx","image/png","3787","f4892dee97c5f839ab9908bd517ca1fb7e375215f2d8a3f7d753fa74cf3e4c52","https://static11130rc3.pgf-asu2nd.com/65/assets/resources/native/31/31b43671-96b0-4032-926f-482e51999927.1129a.png","manifest-native","manifest-confirmed"
"3e6460e3-be12-46bd-b314-0d87b5e514ff.c8c85.png","images/lib/setting_menu/texture/hd/setting_menu_locale.png","lib/setting_menu/texture/hd/setting_menu_locale","image/png","16670","b3cf57665e73cdebcf8841a51c8a8191910376948d80fa3b67553d62dd07eb6c","https://static11130rc3.pgf-asu2nd.com/65/assets/resources/native/3e/3e6460e3-be12-46bd-b314-0d87b5e514ff.c8c85.png","manifest-native","manifest-confirmed"
"75e507a6-3bc5-4aa1-89ff-8fc31c86ef0c.31b09.png","images/lib/setting_menu/texture/hd/setting_menu.png","lib/setting_menu/texture/hd/setting_menu","image/png","183412","21b1a895187a40c04d394de1df7342b4e590bc374cdac8c1589c446143c41fe7","https://static11130rc3.pgf-asu2nd.com/65/assets/resources/native/75/75e507a6-3bc5-4aa1-89ff-8fc31c86ef0c.31b09.png","manifest-native","manifest-confirmed"
"093eaadf-b7e5-4abc-a092-10034c78abaf.ad76d.png","images/lib/setting_menu/texture/hd/zh/setting_menu_locale.png","lib/setting_menu/texture/hd/zh/setting_menu_locale","image/png","17179","42dd1900ea00460e0a9226d8d522b98ee20dbc8af11bbdb7c3439f9baa8c2a30","https://static11130rc3.pgf-asu2nd.com/65/assets/resources/native/09/093eaadf-b7e5-4abc-a092-10034c78abaf.ad76d.png","manifest-native","manifest-confirmed"
"e750070c-7e1c-4675-9f07-d6205c07a18f.2ec91.png","images/texture/big_win/ar/big_win.png","texture/big_win/ar/big_win","image/png","376927","43f568397e2cd384d8a6f525c62b79b6f69c5df4d5c52d98b3f4aa992881671e","https://static11130rc3.pgf-asu2nd.com/65/assets/resources/native/e7/e750070c-7e1c-4675-9f07-d6205c07a18f.2ec91.png","manifest-native","manifest-confirmed"
"6cb97d46-95f6-4357-80cf-90ae44f03fdb.551cb.png","images/texture/big_win/big_win.png","texture/big_win/big_win","image/png","136463","e9b216b0f92d874132e0053481d3668f40444c95c921e18c56c9675d84f0dc26","https://static11130rc3.pgf-asu2nd.com/65/assets/resources/native/6c/6cb97d46-95f6-4357-80cf-90ae44f03fdb.551cb.png","manifest-native","manifest-confirmed"
"b8ddd2c5-3117-468d-9384-b3d1e1635884.f426f.png","images/texture/big_win/bn/big_win.png","texture/big_win/bn/big_win","image/png","435033","fa388c5f0f4759fe61294ed6a7e41e4e9cbed6d87a4a59839523d6b12da683cb","https://static11130rc3.pgf-asu2nd.com/65/assets/resources/native/b8/b8ddd2c5-3117-468d-9384-b3d1e1635884.f426f.png","manifest-native","manifest-confirmed"
"a2d61fb4-5915-4508-a4d0-60b2ee99e5fb.47839.png","images/texture/big_win/da/big_win.png","texture/big_win/da/big_win","image/png","106087","c5372f3b94abd6b208bc00e513c7d54b5979e1e5cc37ea9a1a0d5e9abce94060","https://static11130rc3.pgf-asu2nd.com/65/assets/resources/native/a2/a2d61fb4-5915-4508-a4d0-60b2ee99e5fb.47839.png","manifest-native","manifest-confirmed"
"d085d2d7-7c9d-44e6-b5d2-6cb06cbd543d.e11a5.png","images/texture/big_win/de/big_win.png","texture/big_win/de/big_win","image/png","102335","4f2ec1d652e1089f917bbed5f6bccc5d2ef57a69f695e364adee3b5723a7aad0","https://static11130rc3.pgf-asu2nd.com/65/assets/resources/native/d0/d085d2d7-7c9d-44e6-b5d2-6cb06cbd543d.e11a5.png","manifest-native","manifest-confirmed"
"dce771a4-d5f1-4c5e-806f-e82081ed3a72.69869.png","images/texture/big_win/es/big_win.png","texture/big_win/es/big_win","image/png","92603","f6e39fff74756ffb69972fdf809a9cd1ae8492254402b8be7525f9a9ff095286","https://static11130rc3.pgf-asu2nd.com/65/assets/resources/native/dc/dce771a4-d5f1-4c5e-806f-e82081ed3a72.69869.png","manifest-native","manifest-confirmed"
"c44882f3-61f9-45b1-b6ab-29e5655f1b54.92965.png","images/texture/big_win/fi/big_win.png","texture/big_win/fi/big_win","image/png","88215","623caa7830e4e216a0eb431dda49f7b672fa1e8d87851d7e9fb14939966c94b7","https://static11130rc3.pgf-asu2nd.com/65/assets/resources/native/c4/c44882f3-61f9-45b1-b6ab-29e5655f1b54.92965.png","manifest-native","manifest-confirmed"
"279160ec-5322-4d80-9efa-08acb3f61e4f.4b930.png","images/texture/big_win/fr/big_win.png","texture/big_win/fr/big_win","image/png","93110","3466649d87d6eef7829be8936cc5a1c2b73ee61afc76739310d748a5a9e1c936","https://static11130rc3.pgf-asu2nd.com/65/assets/resources/native/27/279160ec-5322-4d80-9efa-08acb3f61e4f.4b930.png","manifest-native","manifest-confirmed"
"420b22d5-2beb-487e-a7a3-20376184748b.8f6e6.png","images/texture/big_win/hi/big_win.png","texture/big_win/hi/big_win","image/png","474825","65ea31450194f431a4a3c2ee588cb779e9f63eb0db399b7d3c4ad9b70b2a135f","https://static11130rc3.pgf-asu2nd.com/65/assets/resources/native/42/420b22d5-2beb-487e-a7a3-20376184748b.8f6e6.png","manifest-native","manifest-confirmed"
"23a07c55-e070-4d0e-9c39-788cb5231d98.f0aee.png","images/texture/big_win/id/big_win.png","texture/big_win/id/big_win","image/png","111141","ebf33088ae1c6b392132371a6b7b468c83604548582b2080efb40d7f513162d8","https://static11130rc3.pgf-asu2nd.com/65/assets/resources/native/23/23a07c55-e070-4d0e-9c39-788cb5231d98.f0aee.png","manifest-native","manifest-confirmed"
"9dd72e32-5174-4d38-a4b6-a9f832d9b87c.42886.png","images/texture/big_win/it/big_win.png","texture/big_win/it/big_win","image/png","99337","b8ec8e69c16ff185d16b6ca3084279fd526abd48051b968357be96b2a1d68677","https://static11130rc3.pgf-asu2nd.com/65/assets/resources/native/9d/9dd72e32-5174-4d38-a4b6-a9f832d9b87c.42886.png","manifest-native","manifest-confirmed"
"090b3f52-80e7-4777-be02-a0744abacd80.2a170.png","images/texture/big_win/ja/big_win.png","texture/big_win/ja/big_win","image/png","90698","fc0ff46509b1723f9fc1c89cad0f1971e517d1614f488d93a18229b3400199f2","https://static11130rc3.pgf-asu2nd.com/65/assets/resources/native/09/090b3f52-80e7-4777-be02-a0744abacd80.2a170.png","manifest-native","manifest-confirmed"
"ea4de045-ca31-4f85-a95d-fa319da4c3c4.e8433.png","images/texture/big_win/ko/big_win.png","texture/big_win/ko/big_win","image/png","82817","3a049090698bd91de15626f44775db58c96156497f6c1372714caf4e7b60ab12","https://static11130rc3.pgf-asu2nd.com/65/assets/resources/native/ea/ea4de045-ca31-4f85-a95d-fa319da4c3c4.e8433.png","manifest-native","manifest-confirmed"
"06e70c6f-5754-466b-90b8-d739fcb5cab6.6563e.png","images/texture/big_win/lo/big_win.png","texture/big_win/lo/big_win","image/png","431017","82423557d6eec2e58e0453475e604da595e36d744497331e8f8358c55f796a10","https://static11130rc3.pgf-asu2nd.com/65/assets/resources/native/06/06e70c6f-5754-466b-90b8-d739fcb5cab6.6563e.png","manifest-native","manifest-confirmed"
"7198fec3-47e0-4541-982e-b1d6b3088773.222c7.png","images/texture/big_win/my/big_win.png","texture/big_win/my/big_win","image/png","87754","8e146f8590f029f2533e36053fe3b6b21455ec8d03245190d88fa992e2140fd4","https://static11130rc3.pgf-asu2nd.com/65/assets/resources/native/71/7198fec3-47e0-4541-982e-b1d6b3088773.222c7.png","manifest-native","manifest-confirmed"
"0eaf4ab1-e26d-4636-b600-fa714d621ffb.34576.png","images/texture/big_win/nl/big_win.png","texture/big_win/nl/big_win","image/png","103290","b173f511a3ffd2e1066927911ce3eb196945a31dc48c637b2b8f553567a53f2e","https://static11130rc3.pgf-asu2nd.com/65/assets/resources/native/0e/0eaf4ab1-e26d-4636-b600-fa714d621ffb.34576.png","manifest-native","manifest-confirmed"
"b38d3d37-8ba0-4175-97e6-425ffbcf48d4.a84ca.png","images/texture/big_win/no/big_win.png","texture/big_win/no/big_win","image/png","89689","661be387efae9a90aafa5d3d90500d19e5652392e28e42c88b510a4eb0ba4819","https://static11130rc3.pgf-asu2nd.com/65/assets/resources/native/b3/b38d3d37-8ba0-4175-97e6-425ffbcf48d4.a84ca.png","manifest-native","manifest-confirmed"
"b640a8fe-915a-41a4-8bd2-2a3712c38c2a.8bfbb.png","images/texture/big_win/pl/big_win.png","texture/big_win/pl/big_win","image/png","109346","61713083f28d238f1b32d093ff0c6efa1f547e97f724b0dc16dc5be2dabd43df","https://static11130rc3.pgf-asu2nd.com/65/assets/resources/native/b6/b640a8fe-915a-41a4-8bd2-2a3712c38c2a.8bfbb.png","manifest-native","manifest-confirmed"
"aaec0e7e-0b82-4a85-a5eb-04ce78ba5b87.d0ee2.png","images/texture/big_win/pt/big_win.png","texture/big_win/pt/big_win","image/png","98736","49dfb030a879ccc046fb956811cb01d476ee842084cdab84e30431b2f3c3b3f6","https://static11130rc3.pgf-asu2nd.com/65/assets/resources/native/aa/aaec0e7e-0b82-4a85-a5eb-04ce78ba5b87.d0ee2.png","manifest-native","manifest-confirmed"
"4f4fa6ba-7c0f-4a0a-a15e-94a2b27a5df4.cbc3e.png","images/texture/big_win/ro/big_win.png","texture/big_win/ro/big_win","image/png","90394","6e032a9a66aaddd8fe920e4347af00213ff4d18d3bd154e677e0bd61e4533f2d","https://static11130rc3.pgf-asu2nd.com/65/assets/resources/native/4f/4f4fa6ba-7c0f-4a0a-a15e-94a2b27a5df4.cbc3e.png","manifest-native","manifest-confirmed"
"3cf766a7-3a0d-4f8e-a485-192c62f77bd7.4b756.png","images/texture/big_win/ru/big_win.png","texture/big_win/ru/big_win","image/png","128440","4cb033355e62cb51491fc568f6b41da9a6cf03924fa1d25883736207a8591779","https://static11130rc3.pgf-asu2nd.com/65/assets/resources/native/3c/3cf766a7-3a0d-4f8e-a485-192c62f77bd7.4b756.png","manifest-native","manifest-confirmed"
"b6cdf978-a6c7-4853-8221-2f133de98419.089ba.png","images/texture/big_win/sv/big_win.png","texture/big_win/sv/big_win","image/png","91729","f969342e1e72f8550cb72be404593dba077be7ebb52b2aa06f71e1919b5af225","https://static11130rc3.pgf-asu2nd.com/65/assets/resources/native/b6/b6cdf978-a6c7-4853-8221-2f133de98419.089ba.png","manifest-native","manifest-confirmed"
"4565bddd-52d6-4a37-8431-6eeebdc5e57d.eb477.png","images/texture/big_win/th/big_win.png","texture/big_win/th/big_win","image/png","89542","7bf108c395592ee72ae028e4f8080de89e2472a8b68d24f73ff8e639d4044010","https://static11130rc3.pgf-asu2nd.com/65/assets/resources/native/45/4565bddd-52d6-4a37-8431-6eeebdc5e57d.eb477.png","manifest-native","manifest-confirmed"
"146e485c-26a4-4aff-b58d-71dc9248b380.db3c3.png","images/texture/big_win/tr/big_win.png","texture/big_win/tr/big_win","image/png","104304","bde04bc99e9e159f7eb6cc37625dc95681d00b8987f77c73420330df605f6d9a","https://static11130rc3.pgf-asu2nd.com/65/assets/resources/native/14/146e485c-26a4-4aff-b58d-71dc9248b380.db3c3.png","manifest-native","manifest-confirmed"
"a30ed15b-aa99-42df-be58-f2d9129d301f.36756.png","images/texture/big_win/uk/big_win.png","texture/big_win/uk/big_win","image/png","596396","6151150321ce63e5ca18bda9f0113ec90aaef5fbf109d533fcb19f10fa6e1021","https://static11130rc3.pgf-asu2nd.com/65/assets/resources/native/a3/a30ed15b-aa99-42df-be58-f2d9129d301f.36756.png","manifest-native","manifest-confirmed"
"1298aedf-dfe7-4189-af50-12074ea9bb8a.a01ee.png","images/texture/big_win/vi/big_win.png","texture/big_win/vi/big_win","image/png","108610","1da94d5866c56192770e0706a01f1bcebd6bed281a044c749820e7047b14071c","https://static11130rc3.pgf-asu2nd.com/65/assets/resources/native/12/1298aedf-dfe7-4189-af50-12074ea9bb8a.a01ee.png","manifest-native","manifest-confirmed"
"1f86632a-d700-4cc0-bdd7-9f0dd0ba8f2a.baf2f.png","images/texture/big_win/zh/big_win.png","texture/big_win/zh/big_win","image/png","91213","73384189e066ba651a992ffc4328eca0de1f92c41f98a066f7b1eb4f58220bc3","https://static11130rc3.pgf-asu2nd.com/65/assets/resources/native/1f/1f86632a-d700-4cc0-bdd7-9f0dd0ba8f2a.baf2f.png","manifest-native","manifest-confirmed"
"b3eb1c9d-8d86-4802-a05b-a2b001b00ba9.784bc.png","images/texture/bonus_loading/ar/bonus_loading.png","texture/bonus_loading/ar/bonus_loading","image/png","283206","69811578be498c6a4c64cc914d43d6c9b86fdf59e126a1e40e947dc3ec77c5af","https://static11130rc3.pgf-asu2nd.com/65/assets/resources/native/b3/b3eb1c9d-8d86-4802-a05b-a2b001b00ba9.784bc.png","manifest-native","manifest-confirmed"
"0de207ed-ef6f-42e9-8988-0d629e351fe3.34567.png","images/texture/bonus_loading/bn/bonus_loading.png","texture/bonus_loading/bn/bonus_loading","image/png","241831","8bd46ca07f8847f5745797fab53a50665abcd6cd76f2304695aa11db7580b276","https://static11130rc3.pgf-asu2nd.com/65/assets/resources/native/0d/0de207ed-ef6f-42e9-8988-0d629e351fe3.34567.png","manifest-native","manifest-confirmed"
"f5598804-d231-4e5c-9eb9-c0be10b2a0c4.34af4.png","images/texture/bonus_loading/bonus_loading.png","texture/bonus_loading/bonus_loading","image/png","65982","2f0f64322f6023a7e2c60c12af5565db06983ef1e46ab3b1c3e3d0ba9cd284b7","https://static11130rc3.pgf-asu2nd.com/65/assets/resources/native/f5/f5598804-d231-4e5c-9eb9-c0be10b2a0c4.34af4.png","manifest-native","manifest-confirmed"
"317bcc28-5f29-4f91-a8b8-650089cade48.234d8.png","images/texture/bonus_loading/da/bonus_loading.png","texture/bonus_loading/da/bonus_loading","image/png","54572","df12089cd92ea0991a305d7f34b4234e60a2c1031fb3f7f7d29388df1b1ba3c5","https://static11130rc3.pgf-asu2nd.com/65/assets/resources/native/31/317bcc28-5f29-4f91-a8b8-650089cade48.234d8.png","manifest-native","manifest-confirmed"
"3d399b0c-7a1e-42ab-97d8-e88582b800ff.673ed.png","images/texture/bonus_loading/de/bonus_loading.png","texture/bonus_loading/de/bonus_loading","image/png","61295","9cc112713b60f916319115bae6c6187427f6220125c4893d71f100939711cc28","https://static11130rc3.pgf-asu2nd.com/65/assets/resources/native/3d/3d399b0c-7a1e-42ab-97d8-e88582b800ff.673ed.png","manifest-native","manifest-confirmed"
"860061de-900f-4ad0-9c16-cc663ef846cc.23535.png","images/texture/bonus_loading/es/bonus_loading.png","texture/bonus_loading/es/bonus_loading","image/png","66126","7aad8f07eb64db116ad8b45f52f0083e13c3a8de020b59e3ab1ab2401fe10717","https://static11130rc3.pgf-asu2nd.com/65/assets/resources/native/86/860061de-900f-4ad0-9c16-cc663ef846cc.23535.png","manifest-native","manifest-confirmed"
"937e2d8f-d660-4baa-9dca-6d7502d63ff9.bcaf6.png","images/texture/bonus_loading/fi/bonus_loading.png","texture/bonus_loading/fi/bonus_loading","image/png","59448","c7b7b92b5c7da7e5a4e1ba21ec7daa476ac8c39e98ffcb833f77b32b48f3bf34","https://static11130rc3.pgf-asu2nd.com/65/assets/resources/native/93/937e2d8f-d660-4baa-9dca-6d7502d63ff9.bcaf6.png","manifest-native","manifest-confirmed"
"b9f04392-4273-4695-97da-2ac90167bb13.34cfc.png","images/texture/bonus_loading/fr/bonus_loading.png","texture/bonus_loading/fr/bonus_loading","image/png","66471","2276263a39518c1f4c7aecbccbadebc275696e03f6107cc234719590771a27b6","https://static11130rc3.pgf-asu2nd.com/65/assets/resources/native/b9/b9f04392-4273-4695-97da-2ac90167bb13.34cfc.png","manifest-native","manifest-confirmed"
"a6791981-93ad-4965-97ca-6389b377ff15.618f1.png","images/texture/bonus_loading/hi/bonus_loading.png","texture/bonus_loading/hi/bonus_loading","image/png","251907","2ff11c43cd6801ea3efdd4a57ca9b9a2770d6f7f939c353962e0109387c58bb3","https://static11130rc3.pgf-asu2nd.com/65/assets/resources/native/a6/a6791981-93ad-4965-97ca-6389b377ff15.618f1.png","manifest-native","manifest-confirmed"
"1d0c7ff5-924c-48f4-b97e-98cd0eb0ecde.e9562.png","images/texture/bonus_loading/id/bonus_loading.png","texture/bonus_loading/id/bonus_loading","image/png","68287","561504429e671078e84b7e21b1f0871b4f6f102a30597b72fe327a808a3ff476","https://static11130rc3.pgf-asu2nd.com/65/assets/resources/native/1d/1d0c7ff5-924c-48f4-b97e-98cd0eb0ecde.e9562.png","manifest-native","manifest-confirmed"
"25ebffa4-b897-4ce1-9ed9-2bc1364f8a06.b97fc.png","images/texture/bonus_loading/it/bonus_loading.png","texture/bonus_loading/it/bonus_loading","image/png","58905","eb6d7bebb02ae8bf8709f21ba13f158fbd0e7dee700ef0bca6a7cd4694a51f69","https://static11130rc3.pgf-asu2nd.com/65/assets/resources/native/25/25ebffa4-b897-4ce1-9ed9-2bc1364f8a06.b97fc.png","manifest-native","manifest-confirmed"
"a537e174-acd5-47e6-a310-b707108e9dcd.44170.png","images/texture/bonus_loading/ja/bonus_loading.png","texture/bonus_loading/ja/bonus_loading","image/png","64473","a5e9dfef62c2e8f8c90ba2299bbbbb4733dc37ca0d80c7ec0599cff5b69d0cf9","https://static11130rc3.pgf-asu2nd.com/65/assets/resources/native/a5/a537e174-acd5-47e6-a310-b707108e9dcd.44170.png","manifest-native","manifest-confirmed"
"1e19ecbf-5386-4333-9c07-cbadabf0a77b.fada6.png","images/texture/bonus_loading/ko/bonus_loading.png","texture/bonus_loading/ko/bonus_loading","image/png","48696","d30a232375afcd2f5c96cef48f9fc92327482ff04b7efe979dcacd89fff84432","https://static11130rc3.pgf-asu2nd.com/65/assets/resources/native/1e/1e19ecbf-5386-4333-9c07-cbadabf0a77b.fada6.png","manifest-native","manifest-confirmed"
"1889644f-f400-4d9e-a779-0ccec3194c17.7c7d7.png","images/texture/bonus_loading/lo/bonus_loading.png","texture/bonus_loading/lo/bonus_loading","image/png","220222","901a0794c5b6c49f8009a1f24325c33f2486aa6b26a5f60ffe9a62df0ffdb1ef","https://static11130rc3.pgf-asu2nd.com/65/assets/resources/native/18/1889644f-f400-4d9e-a779-0ccec3194c17.7c7d7.png","manifest-native","manifest-confirmed"
"eda93d09-411f-43a8-a5c2-b1e8d66e9f1c.27a07.png","images/texture/bonus_loading/my/bonus_loading.png","texture/bonus_loading/my/bonus_loading","image/png","55604","9188e4cd568dccdba22359044d09bc6c50324d0e7cb0eae6bf5d171de9c9acf8","https://static11130rc3.pgf-asu2nd.com/65/assets/resources/native/ed/eda93d09-411f-43a8-a5c2-b1e8d66e9f1c.27a07.png","manifest-native","manifest-confirmed"
"f5d7da9a-9101-4ea8-b58a-31f49f15fab0.daa31.png","images/texture/bonus_loading/nl/bonus_loading.png","texture/bonus_loading/nl/bonus_loading","image/png","68155","8ae1bfc0ad4790264f7fae912a69a4aeadcd19ba77d9eeb728463373cf7b9c1d","https://static11130rc3.pgf-asu2nd.com/65/assets/resources/native/f5/f5d7da9a-9101-4ea8-b58a-31f49f15fab0.daa31.png","manifest-native","manifest-confirmed"
"5c577a53-a1d8-419b-89a9-a784445798f3.c81ad.png","images/texture/bonus_loading/no/bonus_loading.png","texture/bonus_loading/no/bonus_loading","image/png","54051","29d4a1770b3071827d25ca891b1d73e5d10bc60070a9a353f12a466c891228ed","https://static11130rc3.pgf-asu2nd.com/65/assets/resources/native/5c/5c577a53-a1d8-419b-89a9-a784445798f3.c81ad.png","manifest-native","manifest-confirmed"
"1c79d370-98c7-4640-97b4-039215ecf070.7b585.png","images/texture/bonus_loading/pl/bonus_loading.png","texture/bonus_loading/pl/bonus_loading","image/png","65093","c623da95420e344cb70b2c79967c28609f1d94854672a1907fbd513d91ed3ffc","https://static11130rc3.pgf-asu2nd.com/65/assets/resources/native/1c/1c79d370-98c7-4640-97b4-039215ecf070.7b585.png","manifest-native","manifest-confirmed"
"7d8d2591-6735-4571-892b-5015fdd5b33a.34ee1.png","images/texture/bonus_loading/pt/bonus_loading.png","texture/bonus_loading/pt/bonus_loading","image/png","75187","dc8e575efb25f40644fc92d1f0e2f5c2916430f5107e138d728b33461b87eb95","https://static11130rc3.pgf-asu2nd.com/65/assets/resources/native/7d/7d8d2591-6735-4571-892b-5015fdd5b33a.34ee1.png","manifest-native","manifest-confirmed"
"ed34b467-0477-436a-8726-3fe6f6ea9294.57656.png","images/texture/bonus_loading/ro/bonus_loading.png","texture/bonus_loading/ro/bonus_loading","image/png","63160","e152aa26d33cb2458ca8d851fd2d74162b4685cb5e442c54d08a2f1d851e5c97","https://static11130rc3.pgf-asu2nd.com/65/assets/resources/native/ed/ed34b467-0477-436a-8726-3fe6f6ea9294.57656.png","manifest-native","manifest-confirmed"
"c7a3e2c2-6d1c-4dfd-b423-aeff465235b7.fc622.png","images/texture/bonus_loading/ru/bonus_loading.png","texture/bonus_loading/ru/bonus_loading","image/png","71780","b27b33834d92895c16c04339a6f8e972a2b4921337b0203534a98590450bc139","https://static11130rc3.pgf-asu2nd.com/65/assets/resources/native/c7/c7a3e2c2-6d1c-4dfd-b423-aeff465235b7.fc622.png","manifest-native","manifest-confirmed"
"39a9d226-a23c-413f-b0a2-94e7cd90bf3c.84556.png","images/texture/bonus_loading/sv/bonus_loading.png","texture/bonus_loading/sv/bonus_loading","image/png","56819","1168528fe34d4dfba2ac7d66a991308a375c713e85254d8b947ae6a7f79f4567","https://static11130rc3.pgf-asu2nd.com/65/assets/resources/native/39/39a9d226-a23c-413f-b0a2-94e7cd90bf3c.84556.png","manifest-native","manifest-confirmed"
"c8aa9e4c-bff6-4548-b9e0-31f23daaad40.18e7a.png","images/texture/bonus_loading/th/bonus_loading.png","texture/bonus_loading/th/bonus_loading","image/png","46897","0d5bd04aeacec1d3c3f6f658552716e8ba464ad8111f8d819b66647ce8e7db62","https://static11130rc3.pgf-asu2nd.com/65/assets/resources/native/c8/c8aa9e4c-bff6-4548-b9e0-31f23daaad40.18e7a.png","manifest-native","manifest-confirmed"
"5431b467-0d7d-4592-a40f-c8e21ddf14e8.73c7b.png","images/texture/bonus_loading/tr/bonus_loading.png","texture/bonus_loading/tr/bonus_loading","image/png","63468","af59fd99dd8a766fbf6155b8a0fd149536db125087bbc6f8ca191dd0b2eb1c13","https://static11130rc3.pgf-asu2nd.com/65/assets/resources/native/54/5431b467-0d7d-4592-a40f-c8e21ddf14e8.73c7b.png","manifest-native","manifest-confirmed"
"0f358818-0225-4cf6-970a-aa3356b5f613.da6c4.png","images/texture/bonus_loading/uk/bonus_loading.png","texture/bonus_loading/uk/bonus_loading","image/png","375875","58085a7084fd8e4f2c0c4bcde3d899831bd994dbd6df9f7dad3c98665c8574af","https://static11130rc3.pgf-asu2nd.com/65/assets/resources/native/0f/0f358818-0225-4cf6-970a-aa3356b5f613.da6c4.png","manifest-native","manifest-confirmed"
"4e288c90-0457-430c-97a4-5c4e3cb641f4.5eee8.png","images/texture/bonus_loading/vi/bonus_loading.png","texture/bonus_loading/vi/bonus_loading","image/png","78358","403de009da0359c11dde9fd94acbdeedbae396f77b1a1580752920fdb8443569","https://static11130rc3.pgf-asu2nd.com/65/assets/resources/native/4e/4e288c90-0457-430c-97a4-5c4e3cb641f4.5eee8.png","manifest-native","manifest-confirmed"
"38ffbf09-a02e-4a6d-8635-096e832e13cd.2dd2c.png","images/texture/bonus_loading/zh/bonus_loading.png","texture/bonus_loading/zh/bonus_loading","image/png","80957","ae52808745cebb46386aa7f5b77abcc5193262406789e8cf2db1fff13a1ea5ef","https://static11130rc3.pgf-asu2nd.com/65/assets/resources/native/38/38ffbf09-a02e-4a6d-8635-096e832e13cd.2dd2c.png","manifest-native","manifest-confirmed"
"b4d6b6f3-fa1e-4e68-b1f7-8bbbc9d57734.1d7f2.png","images/texture/free_spins/ar/free_spins.png","texture/free_spins/ar/free_spins","image/png","84739","bc65a61e2c49001361f0661f9f72902dea2ccb58ece7cc12eb35b152796e3e9d","https://static11130rc3.pgf-asu2nd.com/65/assets/resources/native/b4/b4d6b6f3-fa1e-4e68-b1f7-8bbbc9d57734.1d7f2.png","manifest-native","manifest-confirmed"
"d218b512-947b-4085-93be-d27a7e25d77c.9d7bd.png","images/texture/free_spins/bn/free_spins.png","texture/free_spins/bn/free_spins","image/png","129542","d0b0f5cb9039be814cc11196a7c35e0d6f6c9fbf98958ac6c9933be3b1991d29","https://static11130rc3.pgf-asu2nd.com/65/assets/resources/native/d2/d218b512-947b-4085-93be-d27a7e25d77c.9d7bd.png","manifest-native","manifest-confirmed"
"5bd6ec22-1529-46c6-b837-d2cf74554e22.0ff97.png","images/texture/free_spins/da/free_spins.png","texture/free_spins/da/free_spins","image/png","26757","db81322bb9d9718e94f5d0511b36eac6df8d733062bf6f1c62c58d3aff0bac02","https://static11130rc3.pgf-asu2nd.com/65/assets/resources/native/5b/5bd6ec22-1529-46c6-b837-d2cf74554e22.0ff97.png","manifest-native","manifest-confirmed"
"17ecceac-8ad5-4f49-a3fc-0ed66e78edc4.2a428.png","images/texture/free_spins/de/free_spins.png","texture/free_spins/de/free_spins","image/png","27185","b9e2cad34059b76168b2dee77c6f66272442e62110948c6a6df8baba1fda859a","https://static11130rc3.pgf-asu2nd.com/65/assets/resources/native/17/17ecceac-8ad5-4f49-a3fc-0ed66e78edc4.2a428.png","manifest-native","manifest-confirmed"
"da745b6d-5561-443f-934a-7adef6e2d7e7.573bd.png","images/texture/free_spins/es/free_spins.png","texture/free_spins/es/free_spins","image/png","27235","43d8da311636af9bd02779c867676ddb2fba078d121f299fa7aeff9f9ca8e591","https://static11130rc3.pgf-asu2nd.com/65/assets/resources/native/da/da745b6d-5561-443f-934a-7adef6e2d7e7.573bd.png","manifest-native","manifest-confirmed"
"6b447284-6852-47c4-ada6-1b89a6d761a2.3142f.png","images/texture/free_spins/fi/free_spins.png","texture/free_spins/fi/free_spins","image/png","34215","b5ce26079d269961be839ac9d643d91e85bb26567a39bc85fcaa1a2cf0ebc0fa","https://static11130rc3.pgf-asu2nd.com/65/assets/resources/native/6b/6b447284-6852-47c4-ada6-1b89a6d761a2.3142f.png","manifest-native","manifest-confirmed"
"25023e26-1c5f-4795-8476-ef7bd9cf0fac.07949.png","images/texture/free_spins/fr/free_spins.png","texture/free_spins/fr/free_spins","image/png","31028","870c5364c4d0eb26224398736a8540c8d4fb9df6339a0d73a8b58f72feaf22d8","https://static11130rc3.pgf-asu2nd.com/65/assets/resources/native/25/25023e26-1c5f-4795-8476-ef7bd9cf0fac.07949.png","manifest-native","manifest-confirmed"
"d50f9a39-1bd6-4cd2-b0f7-5c98c57447ad.b9911.png","images/texture/free_spins/free_spins.png","texture/free_spins/free_spins","image/png","110534","50d5dd320407e76d63dd72603478faa97a52b01e56e0fe3b35f5a2a6c4acf98b","https://static11130rc3.pgf-asu2nd.com/65/assets/resources/native/d5/d50f9a39-1bd6-4cd2-b0f7-5c98c57447ad.b9911.png","manifest-native","manifest-confirmed"
"f3697411-8f7a-4bbb-97d1-602cfbe13ed1.fa2c9.png","images/texture/free_spins/hi/free_spins.png","texture/free_spins/hi/free_spins","image/png","97447","fe73b262ae2aaf34cee12c0b32aa4bdcafb64effe7f3e83da8dd0d3f2fe9b24a","https://static11130rc3.pgf-asu2nd.com/65/assets/resources/native/f3/f3697411-8f7a-4bbb-97d1-602cfbe13ed1.fa2c9.png","manifest-native","manifest-confirmed"
"e025a9db-c544-4b3d-8ece-5c65a3e8f14d.6c146.png","images/texture/free_spins/id/free_spins.png","texture/free_spins/id/free_spins","image/png","29334","056df06577473bfc41912a58b4d6bb3d541a3fdd388a1808c757ca559fddefe3","https://static11130rc3.pgf-asu2nd.com/65/assets/resources/native/e0/e025a9db-c544-4b3d-8ece-5c65a3e8f14d.6c146.png","manifest-native","manifest-confirmed"
"fe689834-1179-4c58-8b5b-b3564d210e06.76f4f.png","images/texture/free_spins/it/free_spins.png","texture/free_spins/it/free_spins","image/png","28098","efaed725829e08fd6d01468b6f32e7a3cc41237b57a2cb00ee1726710d616475","https://static11130rc3.pgf-asu2nd.com/65/assets/resources/native/fe/fe689834-1179-4c58-8b5b-b3564d210e06.76f4f.png","manifest-native","manifest-confirmed"
"e4d7f17c-ad5c-4268-91cf-8f88f08a7db7.6cb51.png","images/texture/free_spins/ja/free_spins.png","texture/free_spins/ja/free_spins","image/png","39170","634685e2a67fde3599a2e0aca2b145f6ca80dcfdc7c1926812a52338c51444ac","https://static11130rc3.pgf-asu2nd.com/65/assets/resources/native/e4/e4d7f17c-ad5c-4268-91cf-8f88f08a7db7.6cb51.png","manifest-native","manifest-confirmed"
"8895630e-7911-4704-bf1f-ceaf60bb58fc.f493e.png","images/texture/free_spins/ko/free_spins.png","texture/free_spins/ko/free_spins","image/png","34061","0c8341e5f954df640caa0b5e231bc09ae6c5278aff966f58275e2bee4c425458","https://static11130rc3.pgf-asu2nd.com/65/assets/resources/native/88/8895630e-7911-4704-bf1f-ceaf60bb58fc.f493e.png","manifest-native","manifest-confirmed"
"d8c5d3b3-5f4f-43a9-87db-3082ffe8928e.bc6ee.png","images/texture/free_spins/lo/free_spins.png","texture/free_spins/lo/free_spins","image/png","131522","7a4a661f4d50ef02782f9be50bed102be535efbeb508c79258710ad61ad1c88e","https://static11130rc3.pgf-asu2nd.com/65/assets/resources/native/d8/d8c5d3b3-5f4f-43a9-87db-3082ffe8928e.bc6ee.png","manifest-native","manifest-confirmed"
"09b43e3f-82be-457a-8ecc-252ebbea6842.51e9c.png","images/texture/free_spins/my/free_spins.png","texture/free_spins/my/free_spins","image/png","23468","5248027c9160eded259154273cde62fb70eb2eb74494118214e65df064f74213","https://static11130rc3.pgf-asu2nd.com/65/assets/resources/native/09/09b43e3f-82be-457a-8ecc-252ebbea6842.51e9c.png","manifest-native","manifest-confirmed"
"526adb9f-2ab1-476b-8ee4-6c1fceeb63dd.fddc9.png","images/texture/free_spins/nl/free_spins.png","texture/free_spins/nl/free_spins","image/png","29847","cb091cb74f3eb245f9453501cf152d917614a4b99b7b0677f5603743182e7d63","https://static11130rc3.pgf-asu2nd.com/65/assets/resources/native/52/526adb9f-2ab1-476b-8ee4-6c1fceeb63dd.fddc9.png","manifest-native","manifest-confirmed"
"fd5161dd-62e0-44af-a22a-ce4f147c3dd4.8213c.png","images/texture/free_spins/no/free_spins.png","texture/free_spins/no/free_spins","image/png","28680","62843c3ac35281b2e3f4ff0633c0cb3e1d9e3dad46d74cb332a2da923c4f2191","https://static11130rc3.pgf-asu2nd.com/65/assets/resources/native/fd/fd5161dd-62e0-44af-a22a-ce4f147c3dd4.8213c.png","manifest-native","manifest-confirmed"
"1481fdf2-a54c-4b84-98e8-fccdff8a4991.1c1c7.png","images/texture/free_spins/pl/free_spins.png","texture/free_spins/pl/free_spins","image/png","28141","1820cc896a4e4232d654243c3cb178d60a05a79c6ed36c628222037dc15d7a46","https://static11130rc3.pgf-asu2nd.com/65/assets/resources/native/14/1481fdf2-a54c-4b84-98e8-fccdff8a4991.1c1c7.png","manifest-native","manifest-confirmed"
"5ef1cdad-d681-4c8e-8a24-372310ccc350.6b19a.png","images/texture/free_spins/pt/free_spins.png","texture/free_spins/pt/free_spins","image/png","26951","83eef27ab56f6bcf82bd7381920846af5bb2588c0ce7dba801200dc6eaea7703","https://static11130rc3.pgf-asu2nd.com/65/assets/resources/native/5e/5ef1cdad-d681-4c8e-8a24-372310ccc350.6b19a.png","manifest-native","manifest-confirmed"
"5b115431-b2b0-4f42-a1f8-13fbc4965944.a8498.png","images/texture/free_spins/ro/free_spins.png","texture/free_spins/ro/free_spins","image/png","43097","79c92d65012d4157345475c1c8e27262149868a82d745272b1ccab792a87b48e","https://static11130rc3.pgf-asu2nd.com/65/assets/resources/native/5b/5b115431-b2b0-4f42-a1f8-13fbc4965944.a8498.png","manifest-native","manifest-confirmed"
"5320aa81-e870-46ff-94c4-fb663ea26a45.49357.png","images/texture/free_spins/ru/free_spins.png","texture/free_spins/ru/free_spins","image/png","28222","abebb61ea55712b620d7d3e9eaeb39beab81fc88e5c25ae76340b85ee66cb858","https://static11130rc3.pgf-asu2nd.com/65/assets/resources/native/53/5320aa81-e870-46ff-94c4-fb663ea26a45.49357.png","manifest-native","manifest-confirmed"
"d0b04426-61d3-4c30-815b-70d9f44072a8.f0daf.png","images/texture/free_spins/sv/free_spins.png","texture/free_spins/sv/free_spins","image/png","46602","09bbb448684f266f580010287f14601a6b727b8e267809ac16070bee0952d650","https://static11130rc3.pgf-asu2nd.com/65/assets/resources/native/d0/d0b04426-61d3-4c30-815b-70d9f44072a8.f0daf.png","manifest-native","manifest-confirmed"
"20aeded2-4eed-43e9-a4f8-77c755a457b5.4bfd1.png","images/texture/free_spins/th/free_spins.png","texture/free_spins/th/free_spins","image/png","44681","150b1aaffa0a9d9cb089fd45789058f843dc66ef826a34a124b288a6c8f6c346","https://static11130rc3.pgf-asu2nd.com/65/assets/resources/native/20/20aeded2-4eed-43e9-a4f8-77c755a457b5.4bfd1.png","manifest-native","manifest-confirmed"
"fb5c5449-48fb-4e07-a2e0-966c31e5aa58.a9105.png","images/texture/free_spins/tr/free_spins.png","texture/free_spins/tr/free_spins","image/png","32584","decda4fce6debe4da41ca4a9d975d6dba7630ec13496a3aa95c7febd92e420a2","https://static11130rc3.pgf-asu2nd.com/65/assets/resources/native/fb/fb5c5449-48fb-4e07-a2e0-966c31e5aa58.a9105.png","manifest-native","manifest-confirmed"
"a1dac0d4-0e5b-4d1b-92a1-1d02060a9e98.93b1c.png","images/texture/free_spins/uk/free_spins.png","texture/free_spins/uk/free_spins","image/png","215006","c957fb3e8183a3d20f6eb6d964af8f1c19c899f228cc9d2fd1372c46bf7c619b","https://static11130rc3.pgf-asu2nd.com/65/assets/resources/native/a1/a1dac0d4-0e5b-4d1b-92a1-1d02060a9e98.93b1c.png","manifest-native","manifest-confirmed"
"8bf12e4d-577d-4dea-aad8-8b2ed5786dca.ad8d5.png","images/texture/free_spins/vi/free_spins.png","texture/free_spins/vi/free_spins","image/png","31637","f4f012f34335102fdfdd3de44344fd9e46c8be8f1b51e3a21ac1c2e46214cd85","https://static11130rc3.pgf-asu2nd.com/65/assets/resources/native/8b/8bf12e4d-577d-4dea-aad8-8b2ed5786dca.ad8d5.png","manifest-native","manifest-confirmed"
"1875daa8-8c5f-404e-8948-e069ff83a955.392e7.png","images/texture/free_spins/zh/free_spins.png","texture/free_spins/zh/free_spins","image/png","60910","9e04e7fb2fca163f10a391955956973657c7e08b002bc9c94156f106352a1ef0","https://static11130rc3.pgf-asu2nd.com/65/assets/resources/native/18/1875daa8-8c5f-404e-8948-e069ff83a955.392e7.png","manifest-native","manifest-confirmed"
"6e5d827a-507d-4b18-aa6a-da9d60b314c6.dc945.png","images/texture/info_message/ar/info_message.png","texture/info_message/ar/info_message","image/png","323768","1a825c30ade8e93bcd4777f0324cf2c52ecbfbc72a4fc3a77f4ee57d368a5bc5","https://static11130rc3.pgf-asu2nd.com/65/assets/resources/native/6e/6e5d827a-507d-4b18-aa6a-da9d60b314c6.dc945.png","manifest-native","manifest-confirmed"
"f0371c43-fe92-4eec-a351-67a3bb860b77.4a1de.png","images/texture/info_message/bn/info_message.png","texture/info_message/bn/info_message","image/png","354136","fff7668b81885d1b02cb07ac13629209a07937a36373199a821803b047897b2a","https://static11130rc3.pgf-asu2nd.com/65/assets/resources/native/f0/f0371c43-fe92-4eec-a351-67a3bb860b77.4a1de.png","manifest-native","manifest-confirmed"
"de4bbd48-1607-483a-b6fa-060d31106d4d.8dec5.png","images/texture/info_message/da/info_message.png","texture/info_message/da/info_message","image/png","161851","031a3160b97973f5a49d912237999c3b5787d4a9dad12e65aa54d53ce9a81272","https://static11130rc3.pgf-asu2nd.com/65/assets/resources/native/de/de4bbd48-1607-483a-b6fa-060d31106d4d.8dec5.png","manifest-native","manifest-confirmed"
"95240271-4916-4b15-a669-1da16330b375.5ac27.png","images/texture/info_message/de/info_message.png","texture/info_message/de/info_message","image/png","201219","c24251080be4e20fa8d10ea1960edfe0c9079d622ddbc60f4db9c9929ab6c7af","https://static11130rc3.pgf-asu2nd.com/65/assets/resources/native/95/95240271-4916-4b15-a669-1da16330b375.5ac27.png","manifest-native","manifest-confirmed"
"ececf998-5ae2-4508-9d0f-4ce8b3dc6329.3cb0a.png","images/texture/info_message/es/info_message.png","texture/info_message/es/info_message","image/png","172082","568fe56d5ffde9c43a48e2a1d4988734a8c2e50702ea529e6f62c812c93dd2b9","https://static11130rc3.pgf-asu2nd.com/65/assets/resources/native/ec/ececf998-5ae2-4508-9d0f-4ce8b3dc6329.3cb0a.png","manifest-native","manifest-confirmed"
"4e4e975d-bcce-433e-9725-8164e1aacca8.0499b.png","images/texture/info_message/fi/info_message.png","texture/info_message/fi/info_message","image/png","171909","6bb22924287cd6b7de915c04be6251eac79711a6f8065b974f68e4a3c5f6ad34","https://static11130rc3.pgf-asu2nd.com/65/assets/resources/native/4e/4e4e975d-bcce-433e-9725-8164e1aacca8.0499b.png","manifest-native","manifest-confirmed"
"f0da11ac-140a-4aac-a633-a19ac3ecdd1b.98885.png","images/texture/info_message/fr/info_message.png","texture/info_message/fr/info_message","image/png","185219","a9db01ef579bfa97399bd98cbe3a4b1a594a5827401c6f494b2a409c41dce910","https://static11130rc3.pgf-asu2nd.com/65/assets/resources/native/f0/f0da11ac-140a-4aac-a633-a19ac3ecdd1b.98885.png","manifest-native","manifest-confirmed"
"e36f964a-2423-40ef-a88a-a0639549c552.fe19b.png","images/texture/info_message/hi/info_message.png","texture/info_message/hi/info_message","image/png","356435","81e355b4b2e5d37ba2bf0188f6db860192ccd2eccba2959c6a1913846197493c","https://static11130rc3.pgf-asu2nd.com/65/assets/resources/native/e3/e36f964a-2423-40ef-a88a-a0639549c552.fe19b.png","manifest-native","manifest-confirmed"
"566f53d9-32cc-4b25-8942-d2bf0135221d.5ebb7.png","images/texture/info_message/id/info_message.png","texture/info_message/id/info_message","image/png","174925","21445b2403d0434ce41d9824aaf43ea5effa6ea60a3ff2d9708c100c2fa058e3","https://static11130rc3.pgf-asu2nd.com/65/assets/resources/native/56/566f53d9-32cc-4b25-8942-d2bf0135221d.5ebb7.png","manifest-native","manifest-confirmed"
"c8e4b1e3-c68d-437f-8d53-2996636f6830.8df6e.png","images/texture/info_message/info_message.png","texture/info_message/info_message","image/png","131147","28287947adc600d5317a9e37074532a6489db04ca64861232d2c0fd80803b23e","https://static11130rc3.pgf-asu2nd.com/65/assets/resources/native/c8/c8e4b1e3-c68d-437f-8d53-2996636f6830.8df6e.png","manifest-native","manifest-confirmed"
"da1e0e49-e367-4a18-bd44-1c553040a3f1.3d3d0.png","images/texture/info_message/it/info_message.png","texture/info_message/it/info_message","image/png","169231","cab3a592b79132a08043351f50cdb0d9ab0626e3719dfd228f8f723992a75917","https://static11130rc3.pgf-asu2nd.com/65/assets/resources/native/da/da1e0e49-e367-4a18-bd44-1c553040a3f1.3d3d0.png","manifest-native","manifest-confirmed"
"23bb9333-74d7-41a3-9654-b5d896032b18.67138.png","images/texture/info_message/ja/info_message.png","texture/info_message/ja/info_message","image/png","147768","f75c64170dda475621c9afaea83eebf959a72d93425516513ac9cbce93068e37","https://static11130rc3.pgf-asu2nd.com/65/assets/resources/native/23/23bb9333-74d7-41a3-9654-b5d896032b18.67138.png","manifest-native","manifest-confirmed"
"e5dc2595-5445-4379-930f-e90ae08caddb.62f9f.png","images/texture/info_message/ko/info_message.png","texture/info_message/ko/info_message","image/png","119016","83994dcb3ecee7777c080e07ee2d7a98d221bd4176abb249b1794aed45214107","https://static11130rc3.pgf-asu2nd.com/65/assets/resources/native/e5/e5dc2595-5445-4379-930f-e90ae08caddb.62f9f.png","manifest-native","manifest-confirmed"
"6a169211-7eb9-4acb-b427-22cc1c32758c.edab2.png","images/texture/info_message/lo/info_message.png","texture/info_message/lo/info_message","image/png","393492","a35c07f11c9402ee71c18706a27db3eaa56ab4fd56dd215ac9960cfaea4f92a3","https://static11130rc3.pgf-asu2nd.com/65/assets/resources/native/6a/6a169211-7eb9-4acb-b427-22cc1c32758c.edab2.png","manifest-native","manifest-confirmed"
"1b203569-340e-4622-8f00-728163ed8a83.deae2.png","images/texture/info_message/my/info_message.png","texture/info_message/my/info_message","image/png","119862","30e10426a36fb0a39cf4175ac3cdeceb3234276fa42dd719a491ead2dc6e45c9","https://static11130rc3.pgf-asu2nd.com/65/assets/resources/native/1b/1b203569-340e-4622-8f00-728163ed8a83.deae2.png","manifest-native","manifest-confirmed"
"8fd7c6fd-4191-4a8b-b337-650a7226059d.d9f54.png","images/texture/info_message/nl/info_message.png","texture/info_message/nl/info_message","image/png","185578","c80fe594e1a9f7be63c9034fb54bbdb172f2970f45e5c1e540a0ffe8b08871af","https://static11130rc3.pgf-asu2nd.com/65/assets/resources/native/8f/8fd7c6fd-4191-4a8b-b337-650a7226059d.d9f54.png","manifest-native","manifest-confirmed"
"fafcbbf4-64da-4538-9029-77fec8304590.2ef40.png","images/texture/info_message/no/info_message.png","texture/info_message/no/info_message","image/png","159758","1b39110bee728b1fb900d5c9d152016d0520e4623e7a4005c73c572f8af52568","https://static11130rc3.pgf-asu2nd.com/65/assets/resources/native/fa/fafcbbf4-64da-4538-9029-77fec8304590.2ef40.png","manifest-native","manifest-confirmed"
"9783ed94-1550-41ed-b8f7-87387b105ef1.95116.png","images/texture/info_message/pl/info_message.png","texture/info_message/pl/info_message","image/png","184628","75e08c5e84c283b3b9f1f1b2f28781139ab145ba5fa6bc6d2cd6f6d7766b437f","https://static11130rc3.pgf-asu2nd.com/65/assets/resources/native/97/9783ed94-1550-41ed-b8f7-87387b105ef1.95116.png","manifest-native","manifest-confirmed"
"f9c8f717-bfb8-4f17-b5a9-f14b8fb3de04.ef748.png","images/texture/info_message/pt/info_message.png","texture/info_message/pt/info_message","image/png","173219","eb3b3195e6a1129202f2c120dc182b0331cbd81a0becc3cc8a3a5c8945243295","https://static11130rc3.pgf-asu2nd.com/65/assets/resources/native/f9/f9c8f717-bfb8-4f17-b5a9-f14b8fb3de04.ef748.png","manifest-native","manifest-confirmed"
"07179fff-22b9-40a0-bbfb-ba91849eca42.12978.png","images/texture/info_message/ro/info_message.png","texture/info_message/ro/info_message","image/png","326224","9c958ec995a5b58fa2ad36ad6316fb5c16d1a1315e674a177d65626e647429c3","https://static11130rc3.pgf-asu2nd.com/65/assets/resources/native/07/07179fff-22b9-40a0-bbfb-ba91849eca42.12978.png","manifest-native","manifest-confirmed"
"6f4fe6aa-53aa-494a-8eb0-d98ae6f8177f.8a75f.png","images/texture/info_message/ru/info_message.png","texture/info_message/ru/info_message","image/png","188503","45b1bb11474e98f21b9c16af730e543ead1a016c26ba82da060b60dc6b8f21b3","https://static11130rc3.pgf-asu2nd.com/65/assets/resources/native/6f/6f4fe6aa-53aa-494a-8eb0-d98ae6f8177f.8a75f.png","manifest-native","manifest-confirmed"
"27ab3888-48d3-4aa6-ac41-1604fd6a8e64.be680.png","images/texture/info_message/sv/info_message.png","texture/info_message/sv/info_message","image/png","160237","40b583b9f9fda4a7600bb957c17b826284b599e5cce64c686314b44b7d2b65e8","https://static11130rc3.pgf-asu2nd.com/65/assets/resources/native/27/27ab3888-48d3-4aa6-ac41-1604fd6a8e64.be680.png","manifest-native","manifest-confirmed"
"65e4e92e-1a8c-4b5b-91c1-b3480aadc323.3eae4.png","images/texture/info_message/th/info_message.png","texture/info_message/th/info_message","image/png","142904","740837a314fda1c12aa1f2b8e16f88a7233e3e8c642d87d8865b70311c32fe1a","https://static11130rc3.pgf-asu2nd.com/65/assets/resources/native/65/65e4e92e-1a8c-4b5b-91c1-b3480aadc323.3eae4.png","manifest-native","manifest-confirmed"
"7eb3c8c1-870b-4f7d-8203-9db25e1968d7.55057.png","images/texture/info_message/tr/info_message.png","texture/info_message/tr/info_message","image/png","187261","14125f9c70003e6a633615778ee5d9ce7cfc61579be822b602754eeeda2e3aa9","https://static11130rc3.pgf-asu2nd.com/65/assets/resources/native/7e/7eb3c8c1-870b-4f7d-8203-9db25e1968d7.55057.png","manifest-native","manifest-confirmed"
"d1410e26-1346-4c53-a328-7d5d7ef585d7.a100b.png","images/texture/info_message/uk/info_message.png","texture/info_message/uk/info_message","image/png","715485","f9d0306859f11fc39900f755bcf7014d9ac79bf47a10fc5a94d846d03915bb80","https://static11130rc3.pgf-asu2nd.com/65/assets/resources/native/d1/d1410e26-1346-4c53-a328-7d5d7ef585d7.a100b.png","manifest-native","manifest-confirmed"
"5f6228f4-1e2a-4cea-ab38-6f794444ea48.ebf9f.png","images/texture/info_message/vi/info_message.png","texture/info_message/vi/info_message","image/png","148550","f1969f6d4d93737d63dfbf04704eeee45b8e274a81f7896abecce9b5d49498e9","https://static11130rc3.pgf-asu2nd.com/65/assets/resources/native/5f/5f6228f4-1e2a-4cea-ab38-6f794444ea48.ebf9f.png","manifest-native","manifest-confirmed"
"f3aabdc9-dfca-49d0-b522-8b49bc20e241.c86b2.png","images/texture/info_message/zh/info_message.png","texture/info_message/zh/info_message","image/png","142091","6ecc49ffc4c9104530495808cdfca22c9f55b997d4135b51268fde130a7443e0","https://static11130rc3.pgf-asu2nd.com/65/assets/resources/native/f3/f3aabdc9-dfca-49d0-b522-8b49bc20e241.c86b2.png","manifest-native","manifest-confirmed"
"e32de5a8-67c4-4001-a575-d7c08bd1c0ba.62637.png","images/texture/symbols/feature_symbols.png","texture/symbols/feature_symbols","image/png","30740","afb8a6c1e861f6ba80e69763df7291e00300cb46e589a1c8bace8464f6037e85","https://static11130rc3.pgf-asu2nd.com/65/assets/resources/native/e3/e32de5a8-67c4-4001-a575-d7c08bd1c0ba.62637.png","manifest-native","manifest-confirmed"
"3856b7c5-0c59-4514-9770-eb3e800f4e09.a7dd8.png","images/texture/symbols/symbols.png","texture/symbols/symbols","image/png","289070","9021e097e3814874210cbbccc767bf2b461a03b8d9898becaa40fb6e05b0e3f7","https://static11130rc3.pgf-asu2nd.com/65/assets/resources/native/38/3856b7c5-0c59-4514-9770-eb3e800f4e09.a7dd8.png","manifest-native","manifest-confirmed"
"a9f0710a-15a5-48b3-8ac6-a5a40a520b1f.5f3fa.png","images/texture/symbols/zh/feature_symbols.png","texture/symbols/zh/feature_symbols","image/png","30929","0d6447d9639fc41452d929c6fb80dee338e5d029c87cc1c1941a3ef55e4b8f22","https://static11130rc3.pgf-asu2nd.com/65/assets/resources/native/a9/a9f0710a-15a5-48b3-8ac6-a5a40a520b1f.5f3fa.png","manifest-native","manifest-confirmed"
"660e49c5-83aa-454a-8213-d1ff4788eef8.60498.png","images/texture/total_win/ar/total_win.png","texture/total_win/ar/total_win","image/png","139729","3b15395319d376013f3ff4f5250814235d98e8e5fc7095b22c526ac4be073472","https://static11130rc3.pgf-asu2nd.com/65/assets/resources/native/66/660e49c5-83aa-454a-8213-d1ff4788eef8.60498.png","manifest-native","manifest-confirmed"
"e4088c98-a75f-42ad-8aaa-15595e73474a.085e4.png","images/texture/total_win/bn/total_win.png","texture/total_win/bn/total_win","image/png","156027","b18c842ad11857a619c0328f573e7d83f9bfecdf9ffdf647c78268a3b75696d8","https://static11130rc3.pgf-asu2nd.com/65/assets/resources/native/e4/e4088c98-a75f-42ad-8aaa-15595e73474a.085e4.png","manifest-native","manifest-confirmed"
"b2a6a972-a892-466b-921d-fe22763d8764.f143d.png","images/texture/total_win/da/total_win.png","texture/total_win/da/total_win","image/png","33725","d8414111d76ff4ef48f896be9f863d9bd6062d3379dc965bb214fdb8f7f2045e","https://static11130rc3.pgf-asu2nd.com/65/assets/resources/native/b2/b2a6a972-a892-466b-921d-fe22763d8764.f143d.png","manifest-native","manifest-confirmed"
"fa364b07-8e2a-403b-bc29-9a3af8261d17.ab732.png","images/texture/total_win/de/total_win.png","texture/total_win/de/total_win","image/png","31157","6c830b5db3a339762329bb3559ea9c7a8684c7b89d327d9e0411789a4bda1de6","https://static11130rc3.pgf-asu2nd.com/65/assets/resources/native/fa/fa364b07-8e2a-403b-bc29-9a3af8261d17.ab732.png","manifest-native","manifest-confirmed"
"e23b9f3d-cca4-4afd-ba75-b869cbe44d27.9bcf5.png","images/texture/total_win/es/total_win.png","texture/total_win/es/total_win","image/png","31043","74af9782e186069619571a8a2dd3e399613ef960964cffa489a886fd97b6f25e","https://static11130rc3.pgf-asu2nd.com/65/assets/resources/native/e2/e23b9f3d-cca4-4afd-ba75-b869cbe44d27.9bcf5.png","manifest-native","manifest-confirmed"
"649f6fbc-5353-4a71-a6c5-c74896181867.79621.png","images/texture/total_win/fi/total_win.png","texture/total_win/fi/total_win","image/png","52439","9071f5333871a0c7d156410a9a3fb0d7c1ee5ffae4b23bb99888c55a3a00a3ba","https://static11130rc3.pgf-asu2nd.com/65/assets/resources/native/64/649f6fbc-5353-4a71-a6c5-c74896181867.79621.png","manifest-native","manifest-confirmed"
"8ac1da12-9794-448d-ba77-e445560e2201.a3f36.png","images/texture/total_win/fr/total_win.png","texture/total_win/fr/total_win","image/png","31807","e4fc983ed44b2c66f9513f734866212bc97b10389ad6a6877f16a1dc16292892","https://static11130rc3.pgf-asu2nd.com/65/assets/resources/native/8a/8ac1da12-9794-448d-ba77-e445560e2201.a3f36.png","manifest-native","manifest-confirmed"
"77308435-b667-451b-b2f5-f01fffae26cf.77931.png","images/texture/total_win/hi/total_win.png","texture/total_win/hi/total_win","image/png","166466","3ebf5cda0a5aa72415ad5f8181f033edb82197d826129c232b52331a5458e792","https://static11130rc3.pgf-asu2nd.com/65/assets/resources/native/77/77308435-b667-451b-b2f5-f01fffae26cf.77931.png","manifest-native","manifest-confirmed"
"5be5ef4b-2cef-4e3e-a19a-cbf43ee58933.aceb3.png","images/texture/total_win/id/total_win.png","texture/total_win/id/total_win","image/png","37318","e8143c10a00abc10210b69b2a95219fae3a8caa32e9e726f7974ecbd23ef0202","https://static11130rc3.pgf-asu2nd.com/65/assets/resources/native/5b/5be5ef4b-2cef-4e3e-a19a-cbf43ee58933.aceb3.png","manifest-native","manifest-confirmed"
"23fabf46-39e0-459e-86a6-30b1f2f6aae5.a9805.png","images/texture/total_win/it/total_win.png","texture/total_win/it/total_win","image/png","30826","dd0db17d1378045dcd0dae1f545ad038afc5a17c591fa6559e4ab7b13648561c","https://static11130rc3.pgf-asu2nd.com/65/assets/resources/native/23/23fabf46-39e0-459e-86a6-30b1f2f6aae5.a9805.png","manifest-native","manifest-confirmed"
"e68e5f23-2ddc-4658-a204-51626512f512.964c0.png","images/texture/total_win/ja/total_win.png","texture/total_win/ja/total_win","image/png","48226","c99a98198ecc7e55f1df57524de3854e4eb2d70501b04f24a9df47808f1659ee","https://static11130rc3.pgf-asu2nd.com/65/assets/resources/native/e6/e68e5f23-2ddc-4658-a204-51626512f512.964c0.png","manifest-native","manifest-confirmed"
"fa091818-d5e1-45a5-95ce-31f228787cc5.afa97.png","images/texture/total_win/ko/total_win.png","texture/total_win/ko/total_win","image/png","54686","1bd7837be089cf541d54e32fb269beaae9418d17092fee3cd9e97d4cc3f3aa45","https://static11130rc3.pgf-asu2nd.com/65/assets/resources/native/fa/fa091818-d5e1-45a5-95ce-31f228787cc5.afa97.png","manifest-native","manifest-confirmed"
"ec93f682-e5ab-4b9b-b4fa-79eb48a29d0e.b03ba.png","images/texture/total_win/lo/total_win.png","texture/total_win/lo/total_win","image/png","177513","6771fd3076b3dc18a903ba0bdb8eafbfba7b88227f234650c15a7aeb03fc54d1","https://static11130rc3.pgf-asu2nd.com/65/assets/resources/native/ec/ec93f682-e5ab-4b9b-b4fa-79eb48a29d0e.b03ba.png","manifest-native","manifest-confirmed"
"44758a0d-3f80-4d03-9c52-ce7a93843ca7.d77ce.png","images/texture/total_win/my/total_win.png","texture/total_win/my/total_win","image/png","34294","38716853d4c9aa9842285b0557ef2008954ca42b8fe7120826c094cf6824cad2","https://static11130rc3.pgf-asu2nd.com/65/assets/resources/native/44/44758a0d-3f80-4d03-9c52-ce7a93843ca7.d77ce.png","manifest-native","manifest-confirmed"
"498746c9-086b-444a-a03c-68e4bce7c371.16853.png","images/texture/total_win/nl/total_win.png","texture/total_win/nl/total_win","image/png","32173","5abf35ed08389855a680289aa5e832e849ef3a8bffabbb4ff98ac9a1d4fe7cc9","https://static11130rc3.pgf-asu2nd.com/65/assets/resources/native/49/498746c9-086b-444a-a03c-68e4bce7c371.16853.png","manifest-native","manifest-confirmed"
"4c5365ec-43a1-4c67-8684-220d6b29a63d.50ee1.png","images/texture/total_win/no/total_win.png","texture/total_win/no/total_win","image/png","33967","f52816ab7b95b7c2972968844dca783920499b8012d12093e3c43eed28f28431","https://static11130rc3.pgf-asu2nd.com/65/assets/resources/native/4c/4c5365ec-43a1-4c67-8684-220d6b29a63d.50ee1.png","manifest-native","manifest-confirmed"
"9f080812-9199-4fc0-b5f6-c0a7b06f2d2e.ece3a.png","images/texture/total_win/pl/total_win.png","texture/total_win/pl/total_win","image/png","36988","34d425485c65b468024a19a9a6feaebeef9e05a5c997cfbed701219aefbea6a8","https://static11130rc3.pgf-asu2nd.com/65/assets/resources/native/9f/9f080812-9199-4fc0-b5f6-c0a7b06f2d2e.ece3a.png","manifest-native","manifest-confirmed"
"cacdbe07-edfb-421d-8375-6c14c80ec226.6ad5e.png","images/texture/total_win/pt/total_win.png","texture/total_win/pt/total_win","image/png","41366","4eb9676443fdf6d9164ebf0e15ea8c385ecfa0ba55b4b09f26f00c2586f8692f","https://static11130rc3.pgf-asu2nd.com/65/assets/resources/native/ca/cacdbe07-edfb-421d-8375-6c14c80ec226.6ad5e.png","manifest-native","manifest-confirmed"
"9e5cf5b7-ea7f-4400-9f38-8e3f2bc0942a.e6c1d.png","images/texture/total_win/ro/total_win.png","texture/total_win/ro/total_win","image/png","33365","b18c0464d80ed258a7c33a4f496477ded46af9132608073cf73d52d748481aa3","https://static11130rc3.pgf-asu2nd.com/65/assets/resources/native/9e/9e5cf5b7-ea7f-4400-9f38-8e3f2bc0942a.e6c1d.png","manifest-native","manifest-confirmed"
"1f605983-c93f-46f5-9bef-91ed762f9eb0.c9d75.png","images/texture/total_win/ru/total_win.png","texture/total_win/ru/total_win","image/png","39961","fadbe12f06712ddb9a18f4df438cfee81af41d74ad3dcc9198789cfbae4fcae3","https://static11130rc3.pgf-asu2nd.com/65/assets/resources/native/1f/1f605983-c93f-46f5-9bef-91ed762f9eb0.c9d75.png","manifest-native","manifest-confirmed"
"f8f3bf39-621a-48fb-a299-3677ad944048.8d78c.png","images/texture/total_win/sv/total_win.png","texture/total_win/sv/total_win","image/png","32286","5315577fc132fe1c72095fa53b6749b01be1d6274a4dde159c9564622fe515f6","https://static11130rc3.pgf-asu2nd.com/65/assets/resources/native/f8/f8f3bf39-621a-48fb-a299-3677ad944048.8d78c.png","manifest-native","manifest-confirmed"
"9b45bb1d-94ea-4869-a482-c7f1da5688f5.f8c70.png","images/texture/total_win/th/total_win.png","texture/total_win/th/total_win","image/png","53031","227e802da591f90d14565d0e1b1784f1ef79695f1c3cd12313e890bb9fb5fab4","https://static11130rc3.pgf-asu2nd.com/65/assets/resources/native/9b/9b45bb1d-94ea-4869-a482-c7f1da5688f5.f8c70.png","manifest-native","manifest-confirmed"
"6c61740c-d735-4ed8-86bf-1d784a5a2a96.6350e.png","images/texture/total_win/total_win.png","texture/total_win/total_win","image/png","46741","30f32fb7a2d3093131f39799d97651c566478be9eefc00abe4a100f001b1c976","https://static11130rc3.pgf-asu2nd.com/65/assets/resources/native/6c/6c61740c-d735-4ed8-86bf-1d784a5a2a96.6350e.png","manifest-native","manifest-confirmed"
"8319b796-822a-4636-b58d-9e09065b2859.e3398.png","images/texture/total_win/tr/total_win.png","texture/total_win/tr/total_win","image/png","35919","faf89e3edfb33d6e9d33dbec09e37028fdfa3cd2843f08a39c925f3ffce6d6a1","https://static11130rc3.pgf-asu2nd.com/65/assets/resources/native/83/8319b796-822a-4636-b58d-9e09065b2859.e3398.png","manifest-native","manifest-confirmed"
"b749d9ac-f549-4d22-84bd-0245cbfd86f7.0bf1d.png","images/texture/total_win/uk/total_win.png","texture/total_win/uk/total_win","image/png","225288","2db811861922d82f71e5a3fb4500f33e49a6d6d573d61dd8d1510ae83553f9c8","https://static11130rc3.pgf-asu2nd.com/65/assets/resources/native/b7/b749d9ac-f549-4d22-84bd-0245cbfd86f7.0bf1d.png","manifest-native","manifest-confirmed"
"47407daa-7f65-4a01-9851-db299acdc0a1.bf23a.png","images/texture/total_win/vi/total_win.png","texture/total_win/vi/total_win","image/png","38476","83d4b696cbfe37b188197e3b8d5ae30a991a27625adb26752750d2250088c80d","https://static11130rc3.pgf-asu2nd.com/65/assets/resources/native/47/47407daa-7f65-4a01-9851-db299acdc0a1.bf23a.png","manifest-native","manifest-confirmed"
"eaa236cf-3fe4-441e-b816-a5e2f64a16ff.85cc8.png","images/texture/total_win/zh/total_win.png","texture/total_win/zh/total_win","image/png","42357","956b2f32fff4545d8352af3014249fcdaac6c6f48189b1b7f03b48f07940dbb6","https://static11130rc3.pgf-asu2nd.com/65/assets/resources/native/ea/eaa236cf-3fe4-441e-b816-a5e2f64a16ff.85cc8.png","manifest-native","manifest-confirmed"
